"OBČINA","KOMUNALA","NAČIN ZBIRANJA (zbirni center ALI drugje ALI naročilo)","0= brezplačno, 1=omejeno, 2= le proti plačilu","POGOJI:","ZBIRNI CENTER","NASLOV ZC","ODPIRALNI ČAS","POVEZAVA","DRUG OBRAT","NASLOV","ODPIRALNI ČAS"
"CIRKULANE","Čisto mesto Ptuj d.o.o.","Zbirni center, naročilo",1,"Do 1m3 / leto brezplačno, če so ločeni gradbeni odpadki. ","CERO Gajke","Dornavska cesta 26, 2250 Ptuj","1.4-31-10 8-20, sob 8-14; 1.11-31.3 pon-pet 8-17, sob 8-14","https://www.js-ptuj.si/odpadki/zbirni-center","n/a","n/a","n/a"
"DESTRNIK","Čisto mesto Ptuj d.o.o.","Zbirni center, naročilo",1,"Do 1m3 / leto brezplačno, če so ločeni gradbeni odpadki. ","CERO Gajke","Dornavska cesta 26, 2250 Ptuj","1.4-31-10 8-20, sob 8-14; 1.11-31.3 pon-pet 8-17, sob 8-14","https://www.js-ptuj.si/odpadki/zbirni-center","n/a","n/a","n/a"
"DUPLEK","Čisto mesto Ptuj d.o.o.","Zbirni center, drugje, naročilo",1,"Do 1m3 / leto brezplačno, če so ločeni gradbeni odpadki. ","ZC Duplek","režijski obrat Duplek","pon 13-16, sre 11-18, pet 10-17, sob 8-11","https://cistomesto.si/zbirni-centri/","CERO Gajke","Dornavska cesta 26, 2250 Ptuj","1.4-31-10 8-20, sob 8-14; 1.11-31.3 pon-pet 8-17, sob 8-14"
"KIDRIČEVO","Čisto mesto Ptuj d.o.o.","Zbirni center, drugje, naročilo",1,"Do 1m3 / leto brezplačno, če so ločeni gradbeni odpadki. ","ZC Kidričevo","Njiverce, cesta za Talum","poleti: tor, čet 10-18, sob 8-13; pozimi tor, čet: 9-17, sob 8-13","https://cistomesto.si/zbirni-centri/","CERO Gajke","Dornavska cesta 26, 2250 Ptuj","1.4-31-10 8-20, sob 8-14; 1.11-31.3 pon-pet 8-17, sob 8-14"
"MAJŠPERK","Čisto mesto Ptuj d.o.o.","Zbirni center, drugje, naročilo",1,"Do 1m3 / leto brezplačno, če so ločeni gradbeni odpadki. ","ZC Majšperk","pri čistilni napravi Majšperk","tor: 13-16, pet: 10-17, sob 8-11","https://cistomesto.si/zbirni-centri/","CERO Gajke","Dornavska cesta 26, 2250 Ptuj","1.4-31-10 8-20, sob 8-14; 1.11-31.3 pon-pet 8-17, sob 8-14"
"PODLEHNIK","Čisto mesto Ptuj d.o.o.","Zbirni center, drugje, naročilo",1,"Do 1m3 / leto brezplačno, če so ločeni gradbeni odpadki. ","ZC Žetale","naselje Dobrina","tor: 9-12, pet: 10-17, sob 12-15","https://cistomesto.si/zbirni-centri/","CERO Gajke","Dornavska cesta 26, 2250 Ptuj","1.4-31-10 8-20, sob 8-14; 1.11-31.3 pon-pet 8-17, sob 8-14"
"SVETI ANDRAŽ V SLOVENSKIH GORICAH","Čisto mesto Ptuj d.o.o.","Zbirni center, drugje, naročilo",1,"Do 1m3 / leto brezplačno, če so ločeni gradbeni odpadki. ","ZC Trnovska vas","pri režijskem obratu Trnovska vas","pon: 9-12, čet: 10-17, sob: 12-15","https://cistomesto.si/zbirni-centri/","CERO Gajke","Dornavska cesta 26, 2250 Ptuj","1.4-31-10 8-20, sob 8-14; 1.11-31.3 pon-pet 8-17, sob 8-14"
"TRNOVSKA VAS","Čisto mesto Ptuj d.o.o.","Zbirni center, drugje, naročilo",1,"Do 1m3 / leto brezplačno, če so ločeni gradbeni odpadki. ","ZC Trnovska vas","pri režijskem obratu Trnovska vas","pon: 9-12, čet: 10-17, sob: 12-15","https://cistomesto.si/zbirni-centri/","CERO Gajke","Dornavska cesta 26, 2250 Ptuj","1.4-31-10 8-20, sob 8-14; 1.11-31.3 pon-pet 8-17, sob 8-14"
"VIDEM","Čisto mesto Ptuj d.o.o.","Zbirni center, drugje, naročilo",1,"Do 1m3 / leto brezplačno, če so ločeni gradbeni odpadki. ","ZC Videm","industrijska cona Videm","pon 9-12, sre: 10-17, sob: 8-11","https://cistomesto.si/zbirni-centri/","CERO Gajke","Dornavska cesta 26, 2250 Ptuj","1.4-31-10 8-20, sob 8-14; 1.11-31.3 pon-pet 8-17, sob 8-14"
"ZAVRČ","Čisto mesto Ptuj d.o.o.","Zbirni center, naročilo",1,"Do 1m3 / leto brezplačno, če so ločeni gradbeni odpadki. ","CERO Gajke","Dornavska cesta 26, 2250 Ptuj","1.4-31-10 8-20, sob 8-14; 1.11-31.3 pon-pet 8-17, sob 8-14","https://www.js-ptuj.si/odpadki/zbirni-center","n/a","n/a","n/a"
"ŽETALE","Čisto mesto Ptuj d.o.o.","Zbirni center, drugje, naročilo",1,"Do 1m3 / leto brezplačno, če so ločeni gradbeni odpadki. ","ZC Žetale","naselje Dobrina","tor 9-12, pet: 10-17, sob: 12-15","https://cistomesto.si/zbirni-centri/","CERO Gajke","Dornavska cesta 26, 2250 Ptuj","1.4-31-10 8-20, sob 8-14; 1.11-31.3 pon-pet 8-17, sob 8-14"
"LENDAVA","Eko park d.o.o.","Zbirni center",2,"?","ZC Dolga vas","Dolgovaške Gorice 166b, 9220 Lendava","tor, pet: 12-16","https://www.lendava.si/sl/objave/obratovanje-zbirnega-centra-dolga-vas","n/a","n/a","n/a"
"ŽIRI","Frelih bus","Zbirni center, naročilo",1,"1 avtomobilska prikolica na dan brezplačno","ZC Osojnica","Žiri 30, 4226 Žiri","tor: 17-20, sre 10-14 in 17-20, pet 10-14, sob 10-13","https://www.ziri.si/objava/57683","n/a","n/a","n/a"
"BLED","Inrastruktura Bled","Zbirni center",1,"do 1,5 m3/leto (do 0,5 m3 na dan)","ZC Bled","Rečiška cesta 2, Bled","7.00 do 19.00 ure, ob sobotah od 8.00 do 12.00 ure.","https://www.infrastruktura-bled.si/sl/Dejavnosti/Odpadki/gradbeni-odpadki","n/a","n/a","n/a"
"GORJE","Inrastruktura Bled","Zbirni center",1,"do 1,5 m3/leto (do 0,5 m3 na dan)","ZC Bled","Rečiška cesta 2, Bled","7.00 do 19.00 ure, ob sobotah od 8.00 do 12.00 ure.","https://www.infrastruktura-bled.si/sl/Dejavnosti/Odpadki/gradbeni-odpadki","n/a","n/a","n/a"
"DORNAVA","Javne službe Ptuj","Zbirni center",1,"do 0,5 m3/leto","CERO Gajke","Dornavska cesta 26, 2250 Ptuj","(1.4-31.10) pon-pet 8-20; 1.11-31.3) pon-pet 8-17, ","https://www.js-ptuj.si/odpadki/zbirni-center","n/a","n/a","n/a"
"PTUJ","Javne službe Ptuj","Zbirni center",1,"do 0,5 m3/leto","CERO Gajke","Dornavska cesta 26, 2250 Ptuj","(1.4-31.10) pon-pet 8-20; 1.11-31.3) pon-pet 8-17, ","https://www.js-ptuj.si/odpadki/zbirni-center","n/a","n/a","n/a"
"ILIRSKA BISTRICA","Javno podjetje komunala Ilirska Bistrica","Zbirni center, naročilo",0,"Brezplačno","ZC Ilirska bistrica","Prešernova 7, 6250 Ilirska Bistrica","po, sre, pet: 7-15, tor, čet: 12-18, sob: 8-12","http://www.kp-ilb.si/obrazci/splet2.pdf","n/a","n/a","n/a"
"DRAVOGRAD","JKP Dravograd","Zbirni center, naročilo",2,"n/a","Otiški vrh","Otiški Vrh 0 N, 2370 Dravograd","pon-pet 8-15, tor 8-17; 1. sob 9-12. 3. sob (mar, apr, maj) 9-12","http://jkp-dravograd.si/obvestila/zbirni-center-otiski-vrh-obratovalni-cas.html","n/a","n/a","n/a"
"DOBREPOLJE","JKP Grosuplje","Zbirni center, drugje, naročilo",1,"do 350kg/dan oz 5000 kg/leto na gospodinjstvo. Večjih količin ne sprejemajo","CERO Špaja Dolina","Spodnje Blato 1, 1290 Grosuplje","15.3-14-11: pon-pet 7-19, sob 8-15; 15.11-14.3: pon-pet 7-16, sob 8-13","https://www.jkpg.si/cero-spaja-dolina-stranski-meni","KG - EKO d.o.o.","Ljubljanska cesta 16b","pon - pet 7-17, sob 7-12"
"GROSUPLJE","JKP Grosuplje","Zbirni center, drugje, naročilo",1,"do 350kg/dan oz 5000 kg/leto na gospodinjstvo. Večjih količin ne sprejemajo","CERO Špaja Dolina","Spodnje Blato 1, 1290 Grosuplje","15.3-14-11: pon-pet 7-19, sob 8-15; 15.11-14.3: pon-pet 7-16, sob 8-13","https://www.jkpg.si/cero-spaja-dolina-stranski-meni","KG - EKO d.o.o.","Ljubljanska cesta 16b","pon - pet 7-17, sob 7-12"
"IVANČNA GORICA","JKP Grosuplje","Zbirni center, drugje, naročilo",1,"do 350kg/dan oz 5000 kg/leto na gospodinjstvo. Večjih količin ne sprejemajo","CERO Špaja Dolina","Spodnje Blato 1, 1290 Grosuplje","15.3-14-11: pon-pet 7-19, sob 8-15; 15.11-14.3: pon-pet 7-16, sob 8-13","https://www.jkpg.si/cero-spaja-dolina-stranski-meni","KG - EKO d.o.o.","Ljubljanska cesta 16b","pon - pet 7-17, sob 7-12"
"JESENICE","JKP JEKO d.o.o.","Zbirni center, naročilo",1,"na dan do 750 kg brezplačno","ZC Jesenice","Cesta Franceta Prešerna 13, 4270 Jesenice","pon 8-17, tor-pet: 8-15, sob 8-13","http://www.jeko.si/en/ravnanje-z-odpadki","n/a","n/a","n/a"
"ŽIROVNICA","JKP JEKO d.o.o.","Zbirni center, naročilo",1,"na dan do 750 kg brezplačno","ZC Žirovnica","v poslovni coni Žirovnica","pon 8-13, sre 14-19, sob 8-14","https://zirovnica.si/zbirni-center-zirovnica-odprt/","n/a","n/a","n/a"
"ČRNA NA KOROŠKEM","JKP Log","Zbirni center, naročilo",2,"n/a","ZC Lokovica","Lokovica 7 X, 2391 Prevalje","1.4-31.10 pon 8-18, tor-pet 8-15, 1. in 3. sob: 9-12 1.11-31.3 pon-pet 8-15, 1. in 3. sob 9-12","http://www.jkp-log.si/o-podjetju/delovni-cas.html","n/a","n/a","n/a"
"MEŽICA","JKP Log","Zbirni center, naročilo",2,"n/a","ZC Lokovica","Lokovica 7 X, 2391 Prevalje","1.4-31.10 pon 8-18, tor-pet 8-15, 1. in 3. sob: 9-12 1.11-31.3 pon-pet 8-15, 1. in 3. sob 9-12","http://www.jkp-log.si/o-podjetju/delovni-cas.html","n/a","n/a","n/a"
"PREVALJE","JKP Log","Zbirni center, naročilo",2,"n/a","ZC Lokovica","Lokovica 7 X, 2391 Prevalje","1.4-31.10 pon 8-18, tor-pet 8-15, 1. in 3. sob: 9-12 1.11-31.3 pon-pet 8-15, 1. in 3. sob 9-12","http://www.jkp-log.si/o-podjetju/delovni-cas.html","n/a","n/a","n/a"
"RAVNE NA KOROŠKEM","JKP Log","Zbirni center, naročilo",2,"n/a","ZC Lokovica","Lokovica 7 X, 2391 Prevalje","1.4-31.10 pon 8-18, tor-pet 8-15, 1. in 3. sob: 9-12 1.11-31.3 pon-pet 8-15, 1. in 3. sob 9-12","http://www.jkp-log.si/o-podjetju/delovni-cas.html","n/a","n/a","n/a"
"MUTA","JKP Radlje ob Dravi","Zbirni center",2,"n/a","ZC Radlje","Mariborska cesta, 2360 Radlje ob Dravi","pon-pet 8-15, tor 8-17, sob 8-12","http://www.jkp-radlje.si/delovni_cas_zbirnih_centrov","ZC Muta-Vuzenica","Koroška cesta 35, 2366 Muta","pon-pet 8-15, sob 8-12"
"PODVELKA","JKP Radlje ob Dravi","Zbirni center",2,"n/a","ZC Radlje","Mariborska cesta, 2360 Radlje ob Dravi","pon-pet 8-15, tor 8-17, sob 8-12","http://www.jkp-radlje.si/delovni_cas_zbirnih_centrov","ZC Muta-Vuzenica","Koroška cesta 35, 2366 Muta","pon-pet 8-15, sob 8-12"
"RADLJE OB DRAVI","JKP Radlje ob Dravi","Zbirni center",2,"n/a","ZC Radlje","Mariborska cesta, 2360 Radlje ob Dravi","pon-pet 8-15, tor 8-17, sob 8-12","http://www.jkp-radlje.si/delovni_cas_zbirnih_centrov","ZC Muta-Vuzenica","Koroška cesta 35, 2366 Muta","pon-pet 8-15, sob 8-12"
"RIBNICA NA POHORJU","JKP Radlje ob Dravi","Zbirni center",2,"n/a","ZC Radlje","Mariborska cesta, 2360 Radlje ob Dravi","pon-pet 8-15, tor 8-17, sob 8-12","http://www.jkp-radlje.si/delovni_cas_zbirnih_centrov","ZC Muta-Vuzenica","Koroška cesta 35, 2366 Muta","pon-pet 8-15, sob 8-12"
"VUZENICA","JKP Radlje ob Dravi","Zbirni center",2,"n/a","ZC Radlje","Mariborska cesta, 2360 Radlje ob Dravi","pon-pet 8-15, tor 8-17, sob 8-12","http://www.jkp-radlje.si/delovni_cas_zbirnih_centrov","ZC Muta-Vuzenica","Koroška cesta 35, 2366 Muta","pon-pet 8-15, sob 8-12"
"SLOVENSKE KONJICE","JKP Slovenske Konjice","Zbirni center, drugje, naročilo",1,"Do ena avtomobilska prikolica brezplačno.
","CERO Slovenske Konjice","Prežigal 9, Slovenske Konjice","pon, čet, pet: 7-15, tor, sre: 7-19, sob 8-12","https://www.jkp-konjice.si/objave/255","GMI gradnje Marguč","Zgornja Pristava 4A, 3210 Sl.Konjice","n/a"
"CERKNICA","JP Komunala Cerknica","Zbirni center, naročilo",1,"Manjše količine brezplačno, občani morajo sami preložiti v namenski kontejner","ZC Cerknica","Notranjska cesta 44, 1380 Cerknica (po glavn cesti mimo upravne stavbe, pri soseski Za mlinom desno)","tor: poleti 12-18 in pozimi 11-17, sre, čet, pet 8-15, sob 8-12","http://www.komunala-cerknica.si/dejavnosti/zbirni-center/","ZC Loška dolina","pri čistilni napravi, Cesta Notranjskega odreda 46, 1386 Stari trg","tor 8-14, čet: poleti 12-18 in pozimi 11-17, sob: poleti vsako prvo sob v mesecu 8-12"
"LOŠKA DOLINA","JP Komunala Cerknica","Zbirni center, naročilo",1,"Manjše količine brezplačno, občani morajo sami preložiti v namenski kontejner","ZC Cerknica","Notranjska cesta 44, 1380 Cerknica (po glavn cesti mimo upravne stavbe, pri soseski Za mlinom desno)","tor: poleti 12-18 in pozimi 11-17, sre, čet, pet 8-15, sob 8-12","http://www.komunala-cerknica.si/dejavnosti/zbirni-center/","ZC Loška dolina","pri čistilni napravi, Cesta Notranjskega odreda 46, 1386 Stari trg","tor 8-14, čet: poleti 12-18 in pozimi 11-17, sob: poleti vsako prvo sob v mesecu 8-12"
"MOZIRJE","JP Komunala Mozirje","Zbirni center, naročilo",1,"Do 300 kg","ZC Loke pri Mozirju","glejte sliko v povezavi","pon-pet 7-15; sob 8-12","http://komunala-mozirje.si/wp-content/uploads/ZBIRNI-CENTER-MOZIRJE-1.pdf","n/a","n/a","n/a"
"REČICA OB SAVINJI","JP Komunala Mozirje","Zbirni center, naročilo",1,"Do 300 kg","ZC Loke pri Mozirju","glejte sliko v povezavi","pon-pet 7-15; sob 8-12","http://komunala-mozirje.si/wp-content/uploads/ZBIRNI-CENTER-MOZIRJE-1.pdf","n/a","n/a","n/a"
"RADEČE","JPK Radeče","Zbirni center, naročilo",2,"do 5 m3","ZC Hotemež","Hotemež 27, 1433 Radeče","sre 10-14, sob 8-12","http://www.komunala-radece.si/wp-content/uploads/2014/06/Gospodarjenje-z-gospodinjskimi-komunalnimi-odpadki.doc","n/a","n/a","n/a"
"BOHINJ","Komunala Bohinj","Zbirni center",1,"do 0,25 m3 brezplačno ","ZC","za Režijskim obratom v Bohinjski Bistrici","Poleti - pon: 7-18, sre: 7-18, sob: 7-12 Pozimi: pon 7-16, sre: 7-16, sob: 8-12","https://obcina.bohinj.si/objava/111745","Gramoznica Ribno","Selska ulica 30, Ribno","Po dogovoru."
"BREŽICE","Komunala Brežice","Zbirni center",2,"/","KOP Brežice","Cesta prvih borcev 9","pon-pet 8-15","https://www.kop-brezice.si/","n/a","n/a","n/a"
"ČRNOMELJ","Komunala Črnomelj","Zbirni center, drugje",1,"sprejmejo 1 avtomobilsko prikolico, kar je več se pelje v CEROD NM
","ZC ob odlagališču Vranoviči","07 306 16 68","pon-pet 9-14 in 15-17, sob 8-13","http://www.komunala-crnomelj.si/clanek1.asp?nm_tbl_cate.id=19&id=10&n=Podcenter%20za%20ravnanje%20z%20odpadki","CEROD NM","Leskovec 30, 8000 Novo Mesto","pon - pet 6-18, sob 8-13"
"SEMIČ","Komunala Črnomelj","Zbirni center, drugje",1,"sprejmejo 1 avtomobilsko prikolico, kar je več se pelje v CEROD NM
","ZC ob odlagališču Vranoviči","07 306 16 68","pon-pet 9-14 in 15-17, sob 8-13","http://www.komunala-crnomelj.si/clanek1.asp?nm_tbl_cate.id=19&id=10&n=Podcenter%20za%20ravnanje%20z%20odpadki","CEROD NM","Leskovec 30, 8000 Novo Mesto","pon - pet 6-18, sob 8-13"
"CERKNO","Komunala Idrija","Zbirni center, naročilo",1,"1 avtomobilska prikolica / leto brezplačno","ZC Cerkno","lokacija čistilne naprave Cerkno","čet: 11-14, sob: 7-10","http://www.cerkno.si/javni-zavodi-in-sluzbe/ravnanje-z-odpadki/zbirni-center-cerkno/","n/a","n/a","n/a"
"IDRIJA","Komunala Idrija","Zbirni center, naročilo",1,"1 avtomobilska prikolica / leto brezplačno","ZC Ljubevč","Partizanska ulica, 5280 Idrija","pon, tor, čet, pet 7-15, sre 7-19, sob 7-11; pozimi v sre 7-16","http://www.komunalaidrija.si/si/komunala/154/zbirna-centra-ljubevc-in-cerkno/","n/a","n/a","n/a"
"IZOLA","Komunala Izola","Zbirni center, naročilo",2,"/","ZC Izola","Industrijska cesta 8, 6310 Izola","pon-pet: 8-17, sob: 9-12","https://www.komunala-izola.si/jom3/index.php/sl/dejavnosti/odlagalisce-in-zbirni-center","n/a","n/a","n/a"
"KOČEVJE","Komunala Kočevje","Zbirni center, naročilo",1,"do 3500 kg/leto","ZC Mozelj","ob glavni cesti Kočevje– Livold– Stari trg ob Kolpi pri Črnomlju","poleti: pon-pet 7-19; pozimi: pon-pet 7-17; sob 9-13","http://www.komunala-kocevje.si/kolaz/zbirni-center-mozelj/","n/a","n/a","n/a"
"KOSTEL","Komunala Kočevje","Zbirni center, naročilo",1,"do 3500 kg/leto","ZC Mozelj","ob glavni cesti Kočevje– Livold– Stari trg ob Kolpi pri Črnomlju","poleti: pon-pet 7-19; pozimi: pon-pet 7-17; sob 9-13","http://www.komunala-kocevje.si/kolaz/zbirni-center-mozelj/","n/a","n/a","n/a"
"JEZERSKO","Komunala Kranj","Zbirni center, drugje, naročilo",1,"do 1m3/mesec ob predložitvi osebnega dokumenta in potrdila o plačanih komunalnih storitvah","ZC Remont","4206 Zgornje Jezersko","pon: 18-19.30, pet 16-19; jun-avg pon 18-19.30, pet 18-21","https://www.komunala-kranj.si/zbirni-centri","Gramoznica Bistrica","Bistrica pri Naklem","pon - pet 6-16.15; sob: 6-14.30"
"KRANJ","Komunala Kranj","Zbirni center, drugje, naročilo",1,"do 1m3/mesec ob predložitvi osebnega dokumenta in potrdila o plačanih komunalnih storitvah","ZC Zarica","Savska loka 32m 4000 Kranj","pon-pet 7-19, sob 8-16","https://www.komunala-kranj.si/zbirni-centri","Gramoznica Bistrica","Bistrica pri Naklem","pon - pet 6-16.15; sob: 6-14.30"
"NAKLO","Komunala Kranj","Zbirni center, drugje, naročilo",1,"do 1m3/mesec ob predložitvi osebnega dokumenta in potrdila o plačanih komunalnih storitvah","ZC Naklo","v Industrijski coni Naklo, in sicer poleg Dinosa, južno od kompleksa Merkur, z uvozom na Cesto na Okroglo Naklo.","poleti: tor 15-19, čet 16-20, sob 8-12; pozimi: tor 9-12, čet 14-17, sob 9-12","https://www.komunala-kranj.si/zbirni-centri","Gramoznica Bistrica","Bistrica pri Naklem","pon - pet 6-16.15; sob: 6-14.30"
"PREDDVOR","Komunala Kranj","Zbirni center, drugje, naročilo",1,"do 1m3/mesec ob predložitvi osebnega dokumenta in potrdila o plačanih komunalnih storitvah","ZC Tenetiše","Tenetiše, 4000 Kranj","pon-pet 13-19, sob 8-12; pozimi pon-pet 12-18","https://www.komunala-kranj.si/zbirni-centri","Gramoznica Bistrica","Bistrica pri Naklem","pon - pet 6-16.15; sob: 6-14.30"
"ŠENČUR","Komunala Kranj","Zbirni center, drugje, naročilo",1,"do 1m3/mesec ob predložitvi osebnega dokumenta in potrdila o plačanih komunalnih storitvah","ZC Šenčur","Nahaja se na koncu Šenčurja, ob Velesovski cesti,","tor 13-20, pet 13-20, sob 8-13; pozimi: tor 12-19, pet 12-19, sob 8-13","https://www.sencur.si/informacije/zbirni-center-sencur/","Gramoznica Bistrica","Bistrica pri Naklem","pon - pet 6-16.15; sob: 6-14.30"
"KRANJSKA GORA","Komunala Kranjska Gora","Zbirni center, naročilo",1,"enkratno do 500 kg (ena avtomobilska prikolica), letno največ 1000 kg na gospodinjstvo; brezplačno ob predložitvi plačane položnice za predhodni mesec)","ZC Tabre","Spodnje rute 50, 4282 Gozd Martuljek","pon 7-15, tor-pet 11-17, sob 8-12","https://www.komunala-kg.si/dejavnosti/odpadki","n/a","n/a","n/a"
"LAŠKO","Komunala Laško","Zbirni center, naročilo",0,"Ob renovaciji v osebni režiji občanov je sprejem brezplačen. identifikacija z osebnim dokumentom ali odrezkom zadnje položnice.","ZC Strensko","Modrič 6, 3270 Laško","pon-pet: 7-15, (apr, maj) sob 8-12","https://www.komunala-lasko.si/sl/dejavnosti/ravnanje-z-odpadki","n/a","n/a","n/a"
"METLIKA","Komunala Metlika","Zbirni center",1,"do 1m3/mesec, oddajo večjih količin preusmerijo  v CEROD NM.","ZC Bočka","n/a","(1.4-31.10) pon-pet 8-18; (1.11-31.3) pon-pet 8-16; sob 8-13","http://www.komunala-metlika.si/odpadki/zbirni-center/","CEROD NM",0,0
"BRDA","Komunala Nova Gorica","Zbirni center, naročilo",2,"/","ZC CERO Nova Gorica","Ulica partizanske tehnike 6, Nova Gorica (v Stari Gorici)","pon-pet: 9-17, sob: 8-13","https://www.komunala-ng.si/zbirni_center_cero/","n/a","n/a","n/a"
"KANAL OB SOČI","Komunala Nova Gorica","Zbirni center, naročilo",2,"/","ZC CERO Nova Gorica","Ulica partizanske tehnike 6, Nova Gorica (v Stari Gorici)","pon-pet: 9-17, sob: 8-13","https://www.komunala-ng.si/zbirni_center_cero/","n/a","n/a","n/a"
"MIREN - KOSTANJEVICA","Komunala Nova Gorica","Zbirni center, naročilo",2,"/","ZC CERO Nova Gorica","Ulica partizanske tehnike 6, Nova Gorica (v Stari Gorici)","pon-pet: 9-17, sob: 8-13","https://www.komunala-ng.si/zbirni_center_cero/","n/a","n/a","n/a"
"NOVA GORICA","Komunala Nova Gorica","Zbirni center, naročilo",2,"/","ZC CERO Nova Gorica","Ulica partizanske tehnike 6, Nova Gorica (v Stari Gorici)","pon-pet: 9-17, sob: 8-13","https://www.komunala-ng.si/zbirni_center_cero/","n/a","n/a","n/a"
"RENČE - VOGRSKO","Komunala Nova Gorica","Zbirni center, naročilo",2,"/","ZC CERO Nova Gorica","Ulica partizanske tehnike 6, Nova Gorica (v Stari Gorici)","pon-pet: 9-17, sob: 8-13","https://www.komunala-ng.si/zbirni_center_cero/","n/a","n/a","n/a"
"ŠEMPETER - VRTOJBA","Komunala Nova Gorica","Zbirni center, naročilo",2,"/","ZC CERO Nova Gorica","Ulica partizanske tehnike 6, Nova Gorica (v Stari Gorici)","pon-pet: 9-17, sob: 8-13","https://www.komunala-ng.si/zbirni_center_cero/","n/a","n/a","n/a"
"DOLENJSKE TOPLICE","Komunala Novo mesto","Zbirni center, naročilo",1,"do 0,25 m3 brezplačno ","ZRC Novo Mesto","Podbevškova 12, Novo mesto","(nov-feb) pon-pet: 8-17;(mar-okt) pon-pet 8-18); sob 8-12
","https://www.komunala-nm.si/Novice/ArtMID/502/ArticleID/2756/Obratovalni-%c4%8das-zbirno-recikla%c5%benih-centrov","n/a","n/a","n/a"
"MIRNA PEČ","Komunala Novo mesto","Zbirni center, naročilo",1,"do 0,25 m3 brezplačno ","ZRC Novo Mesto","Podbevškova 12, Novo mesto","(nov-feb) pon-pet: 8-17;(mar-okt) pon-pet 8-18); sob 8-12
","https://www.komunala-nm.si/Novice/ArtMID/502/ArticleID/2756/Obratovalni-%c4%8das-zbirno-recikla%c5%benih-centrov","n/a","n/a","n/a"
"NOVO MESTO","Komunala Novo mesto","Zbirni center, naročilo",1,"do 0,25 m3 brezplačno ","ZRC Novo Mesto","Podbevškova 12, Novo mesto","(nov-feb) pon-pet: 8-17;(mar-okt) pon-pet 8-18); sob 8-12
","https://www.komunala-nm.si/Novice/ArtMID/502/ArticleID/2756/Obratovalni-%c4%8das-zbirno-recikla%c5%benih-centrov","n/a","n/a","n/a"
"STRAŽA","Komunala Novo mesto","Zbirni center, naročilo",1,"do 0,25 m3 brezplačno ","ZRC Novo Mesto","Podbevškova 12, Novo mesto","(nov-feb) pon-pet: 8-17;(mar-okt) pon-pet 8-18); sob 8-12
","https://www.komunala-nm.si/Novice/ArtMID/502/ArticleID/2756/Obratovalni-%c4%8das-zbirno-recikla%c5%benih-centrov","n/a","n/a","n/a"
"ŠENTJERNEJ","Komunala Novo Mesto","Zbirni center, naročilo",1,"do 0,25 m3 brezplačno ","ZC Šentjernej","Šmalčja vas","(okt-mar): pon-pet 11-16; (apr-sep) pon-pet 9-17; sob 8-12","https://www.komunala-nm.si/Novice/ArtMID/502/ArticleID/2756/Obratovalni-%c4%8das-zbirno-recikla%c5%benih-centrov","n/a","n/a","n/a"
"ŠKOCJAN","Komunala Novo mesto","Zbirni center, naročilo",1,"do 0,25 m3 brezplačno ","ZRC Novo Mesto","Podbevškova 12, Novo mesto","(nov-feb) pon-pet: 8-17;(mar-okt) pon-pet 8-18); sob 8-12
","https://www.komunala-nm.si/Novice/ArtMID/502/ArticleID/2756/Obratovalni-%c4%8das-zbirno-recikla%c5%benih-centrov","n/a","n/a","n/a"
"ŠMARJEŠKE TOPLICE","Komunala Novo mesto","Zbirni center, naročilo",1,"do 0,25 m3 brezplačno ","ZRC Novo Mesto","Podbevškova 12, Novo mesto","(nov-feb) pon-pet: 8-17;(mar-okt) pon-pet 8-18); sob 8-12
","https://www.komunala-nm.si/Novice/ArtMID/502/ArticleID/2756/Obratovalni-%c4%8das-zbirno-recikla%c5%benih-centrov","n/a","n/a","n/a"
"ŽUŽEMBERK","Komunala Novo mesto","Zbirni center, naročilo",1,"do 0,25 m3 brezplačno ","ZRC Žužemberk","V neposredni bližini žužemberške čistilne naprave v opuščenem kamnolomu.","sre 7-17, prva sob. v mesecu: 8-12","http://www.zuzemberk.si/data/OBVESTILO%20o%20delovanju%20ZRC.pdf","n/a","n/a","n/a"
"GORIŠNICA","Komunala Ptuj","Zbirni center, naročilo",1,"do 1 avtoprikolica na mesec brezplačno.","ZC Gorišnica","n/a","sre: 10-17, pet 10-15, sob 8-11","http://www.komunala-ptuj.si/download/odpadki_2/urniki_odvozov/TERMINSKI-PLAN-PO-NASELJIH-GORISNICA-2019-CUNKOVCI-ZAGOJICI-GORISNICA-TIBOLCI-ZAMUSANI-BRESNICA.pdf","n/a","n/a","n/a"
"HAJDINA","Komunala Ptuj","Zbirni center, naročilo",1,"do 1 avtoprikolica na mesec brezplačno.","ZC Hajdina","n/a","pon 13-16, sre 10-17, vsako zadnjo sob. v mesecu: 8-11","https://www.hajdina.si/novica/75945","n/a","n/a","n/a"
"JURŠINCI","Komunala Ptuj","Zbirni center, naročilo",1,"do 1 avtoprikolica na mesec brezplačno.","ZC Gorišnica","n/a","sre: 10-17, pet 10-15, sob 8-11","https://www.hajdina.si/novica/75945","n/a","n/a","n/a"
"MARKOVCI","Komunala Ptuj","Zbirni center, naročilo",1,"do 1 avtoprikolica na mesec brezplačno.","ZC Markovci","v Industrijski coni","(jan-jun): pon 9-12, sre 10-17, sob 9-11; (jun-dec) tor 12-16, sre 11-18, čet 8-11, pet 10-18, sob 8-12 (2x na mesec)","https://www.hajdina.si/novica/75945","n/a","n/a","n/a"
"GORNJA RADGONA","Komunala Radgona","Drugje, naročilo",2,"n/a","n/a","n/a","n/a","n/a","ZC Lenart","Sp. Porčič 4/a, 2230 Lenart","pon-pet: 7-15, sre, 7-17, sob:7-12"
"RADOVLJICA","Komunala Radovljica","Drugje, naročilo",1,"do 0,5 m3 v ZV, do 2m3 v SGP Gorenj ob predložitvi potrdila iz sedeža podjetja","ZC Radovljica","Savska 28, Radovljica","pon, tor, čet, pet 8-16, sre: 8-18; sob: 8-12","https://www.komunala-radovljica.si/storitve/zbirni-center/79","n/a","n/a","n/a"
"LOŠKI POTOK","Komunala Ribnica","Drugje, naročilo",1,"Manjše količine brezplačno.","ZC Goriča vas","Goriča vas 11A, 1310 Ribnica","(1.11-31.3) pon, sre, čet, pet: 7-15, tor: 9-17, sob 8-13; (1.4-31-10) pon, sre, čet, pet: 7-15, tor: 11-19, sob 8-13","http://www.komunala-ribnica.si/zbirni-center","n/a","n/a","n/a"
"RIBNICA","Komunala Ribnica","Drugje, naročilo",1,"Manjše količine brezplačno.","ZC Goriča vas","Goriča vas 11A, 1310 Ribnica","(1.11-31.3) pon, sre, čet, pet: 7-15, tor: 9-17, sob 8-13; (1.4-31-10) pon, sre, čet, pet: 7-15, tor: 11-19, sob 8-13","http://www.komunala-ribnica.si/zbirni-center","n/a","n/a","n/a"
"SODRAŽICA","Komunala Ribnica","Drugje, naročilo",1,"Manjše količine brezplačno.","ZC Goriča vas","Goriča vas 11A, 1310 Ribnica","(1.11-31.3) pon, sre, čet, pet: 7-15, tor: 9-17, sob 8-13; (1.4-31-10) pon, sre, čet, pet: 7-15, tor: 11-19, sob 8-13","http://www.komunala-ribnica.si/zbirni-center","n/a","n/a","n/a"
"SEVNICA","Komunala Sevnica","Drugje, naročilo",1,"manjša količina / ena avtomobilska prikolica","ZC Sevnica","na križišču za Kmečko zadrugo Sevnica in Dalijo se usmeritenaravnost v smeri proti brvi čez Savo, nato pa zavijete desno na novo urejenocestodo objekta","pon, čet, pet 7-15; tor, sre: 10-17; 2. sob v mesecu: 8-12","https://www.komunala-sevnica.si/zbirni-center.html","n/a","n/a","n/a"
"MISLINJA","Komunala Slovenj Gradec","Zbirni center, naročilo",1,"do 1m3 brezplačno","ZC Pameče","v podjetniški coni Pameče","pon, sre 8-18; tor, čet, pet: 8-15; sob 8-13","http://www.komusg.si/zbirna-centra-za-odpadke-pamece-dolze","ZC Dovže","pri čistilni napravi v Dovžah","pon, sre 8-18; tor, čet, pet: 8-15; sob 8-13"
"SLOVENJ GRADEC","Komunala Slovenj Gradec","Zbirni center, naročilo",1,"do 1m3 brezplačno","ZC Pameče","v podjetniški coni Pameče","pon, sre 8-18; tor, čet, pet: 8-15; sob 8-13","http://www.komusg.si/zbirna-centra-za-odpadke-pamece-dolze","ZC Dovže","pri čistilni napravi v Dovžah","pon, sre 8-18; tor, čet, pet: 8-15; sob 8-13"
"MAKOLE","Komunala Slovenska Bistrica","Zbirni center",1,"2x letno do 0,5 m3","ZC Pragersko","Travniška ulica, 2331 Pragersko","pon-sob 7-18","https://www.komunala-slb.si/odlagaliscaron269e-pragersko-in-zbirni-centri.html","n/a","n/a","n/a"
"OPLOTNICA","Komunala Slovenska Bistrica","Zbirni center",1,"2x letno do 0,5 m3","ZC Pragersko","Travniška ulica, 2331 Pragersko","pon-sob 7-18","https://www.komunala-slb.si/odlagaliscaron269e-pragersko-in-zbirni-centri.html","n/a","n/a","n/a"
"POLJČANE","Komunala Slovenska Bistrica","Zbirni center",1,"2x letno do 0,5 m3","ZC Pragersko","Travniška ulica, 2331 Pragersko","pon-sob 7-18","https://www.komunala-slb.si/odlagaliscaron269e-pragersko-in-zbirni-centri.html","n/a","n/a","n/a"
"RAČE - FRAM","Komunala Slovenska Bistrica","Zbirni center",1,"2x letno do 0,5 m3","ZC Pragersko","Travniška ulica, 2331 Pragersko","pon-sob 7-18","https://www.komunala-slb.si/odlagaliscaron269e-pragersko-in-zbirni-centri.html","n/a","n/a","n/a"
"SLOVENSKA BISTRICA","Komunala Slovenska Bistrica","Zbirni center",1,"2x letno do 0,5 m3","ZC Pragersko","Travniška ulica, 2331 Pragersko","pon-sob 7-18","https://www.komunala-slb.si/odlagaliscaron269e-pragersko-in-zbirni-centri.html","n/a","n/a","n/a"
"BOVEC","Komunala Tolmin","Zbirni center",1,"manjše količine","ZC Bovec","pri čistilni napravi Bovec","tor: 13-15, sre 15-17, sob:10-12","http://www.komunala-tolmin.si/komunalni-odpadki/zbiranje-in-odlaganje/zbirni-centri/","n/a","n/a","n/a"
"KOBARID","Komunala Tolmin","Zbirni center",1,"manjše količine","ZC Kobarid","pri čistilni napravi Kobarid","tor: 13-15, sre 15-17, sob:12.30-15","http://www.komunala-tolmin.si/komunalni-odpadki/zbiranje-in-odlaganje/zbirni-centri/","n/a","n/a","n/a"
"TOLMIN","Komunala Tolmin","Zbirni center",1,"manjše količine","ZC Tolmin","nasproti pokopališča v naselju Volče","tor: 7-15, sre 7-17, sob:8-12","http://www.komunala-tolmin.si/komunalni-odpadki/zbiranje-in-odlaganje/zbirni-centri/","n/a","n/a","n/a"
"TRBOVLJE","Komunala Trbovlje","Drugje, naročilo",2,"/","n/a","n/a","n/a","n/a","ZC Neža","Neža 39a, 1420 Trbovlje","pon-pet: 7-15, sob 9-13"
"MIRNA","Komunala Trebnje","Zbirni center, naročilo",2,"/","ZC Globoko","Hudeje 40, 8210 Trebnje","pon-pet 7-18, sob 8-12","https://odpiralnicasi.com/spots/komunala-trebnje-zc-globoko-trebnje-hudeje-75396b65dd","n/a","n/a","n/a"
"MOKRONOG - TREBELNO","Komunala Trebnje","Zbirni center, naročilo",2,"/","ZC Globoko","Hudeje 40, 8210 Trebnje","pon-pet 7-18, sob 8-12","https://odpiralnicasi.com/spots/komunala-trebnje-zc-globoko-trebnje-hudeje-75396b65dd","n/a","n/a","n/a"
"ŠENTRUPERT","Komunala Trebnje","Zbirni center, naročilo",2,"/","ZC Globoko","Hudeje 40, 8210 Trebnje","pon-pet 7-18, sob 8-12","https://odpiralnicasi.com/spots/komunala-trebnje-zc-globoko-trebnje-hudeje-75396b65dd","n/a","n/a","n/a"
"TREBNJE","Komunala Trebnje","Zbirni center, naročilo",2,"/","ZC Globoko","Hudeje 40, 8210 Trebnje","pon-pet 7-18, sob 8-12","https://odpiralnicasi.com/spots/komunala-trebnje-zc-globoko-trebnje-hudeje-75396b65dd","n/a","n/a","n/a"
"TRŽIČ","Komunala Tržič","Zbirni center, naročilo",1,"do 1,5 m3 letno brezplačno","ZC Kovor","Cesta na Brdo","pon-pet 7-17, sob 7-13","http://www.komunala-trzic.si/storitve/ravnanje-z-odpadki/odlagalisce-zbirni-center-kovor","n/a","n/a","n/a"
"ZAGORJE OB SAVI","Komunala Zagorje","Zbirni center, naročilo",2,"/","ZC Neža","Neža 39a, 1420 Trbovlje","pon-pet: 7-15, sob 9-13","http://www.komunala-trbovlje.si/odpadki/odvozi","n/a","n/a","n/a"
"KOSTANJEVICA NA KRKI","Kostak","Zbirni center, naročilo",1,"do ena avtomobilska prikolica letno","CERO Spodnji Stari Grad","Spodnji Stari Grad 29, 8270 Krško","pon-pet: mar-okt 7-19, nov-feb 7-18; sob 7-15","https://www.kostak.si/ravnanje-z-odpadki.html","n/a","n/a","n/a"
"KRŠKO","Kostak","Zbirni center, naročilo",1,"do ena avtomobilska prikolica letno","CERO Spodnji Stari Grad","Spodnji Stari Grad 29, 8270 Krško","pon-pet: mar-okt 7-19, nov-feb 7-18; sob 7-15","https://www.kostak.si/ravnanje-z-odpadki.html","n/a","n/a","n/a"
"LOGATEC","KP Logatec","Zbirni center, naročilo",1,"do 500 kg / mesec","ZC Ostri vrh","n/a","ponedeljek, sreda, četrtek, petek: od 6.30 do 14.30, sob: 7-12, torek: od 6.30 do 17.00 (od 1.aprila do 31.oktobra); 6.30 do 14.30 (od 1.novembra do 31.marca)","http://www.kp-logatec.si/2014/komunalna_dejavnost.php?IDM=5&IDPM=60&IDPPX=12","n/a","n/a","n/a"
"ORMOŽ","KP Ormož","Zbirni center, naročilo",1,"do 0,5 m3","ZC Dobrava","ob odlagališču nenevarnih odpadkov Dobrava – Ormož.","pon-pet: 7-16, sob 7-12","http://www.kp-ormoz.si/?page_id=249","n/a","n/a","n/a"
"SREDIŠČE OB DRAVI","KP Ormož","Zbirni center, naročilo",1,"do 0,5 m3","ZC Dobrava","ob odlagališču nenevarnih odpadkov Dobrava – Ormož.","pon-pet: 7-16, sob 7-12","http://www.kp-ormoz.si/?page_id=249","n/a","n/a","n/a"
"SVETI TOMAŽ","KP Ormož","Zbirni center, naročilo",1,"do 0,5 m3","ZC Dobrava","ob odlagališču nenevarnih odpadkov Dobrava – Ormož.","pon-pet: 7-16, sob 7-12","http://www.kp-ormoz.si/?page_id=249","n/a","n/a","n/a"
"BOROVNICA","KP Vrhnika","Zbirni center, naročilo",1,"do 3.500 kg/leto z dokazilom o zadnji plačani položnici komunalnih storitev","ZC","Na dvorišču JP KPV","pon, tor, čet pet: 8-14, sre:8-17, sob: 8-14","http://www.kpv.si/dejavnosti/ravnanje-z-odpadki/zbirni-center","n/a","n/a","n/a"
"LOG - DRAGOMER","KP Vrhnika","Zbirni center, naročilo",1,"do 3.500 kg/leto z dokazilom o zadnji plačani položnici komunalnih storitev","ZC","Na dvorišču JP KPV","pon, tor, čet pet: 8-14, sre:8-17, sob: 8-14","http://www.kpv.si/dejavnosti/ravnanje-z-odpadki/zbirni-center","n/a","n/a","n/a"
"VRHNIKA","KP Vrhnika","Zbirni center, naročilo",1,"do 3.500 kg/leto z dokazilom o zadnji plačani položnici komunalnih storitev","ZC","Na dvorišču JP KPV","pon, tor, čet pet: 8-14, sre:8-17, sob: 8-14","http://www.kpv.si/dejavnosti/ravnanje-z-odpadki/zbirni-center","n/a","n/a","n/a"
"AJDOVŠČINA","KSD Ajdovščina","Zbirni center, naročilo",1,"Do 3.500 kg/leto brezplačno.","CERO Ajdovščina","pod Dolgo Poljano","pon: 7-17, tor, sre, čet: 7-15, pet 7-19 (apr-okt) oz 7-17 (nov-mar), sob 8-12","http://www.ksda.si/dejavnosti/odpadki/center-za-ravnanje-z-odpadki-cero/zbirni-center","n/a","n/a","n/a"
"VIPAVA","KSD Ajdovščina","Zbirni center, naročilo",1,"Do 3.500 kg/leto brezplačno.","CERO Ajdovščina","pod Dolgo Poljano","pon: 7-17, tor, sre, čet: 7-15, pet 7-19 (apr-okt) oz 7-17 (nov-mar), sob 8-12","http://www.ksda.si/dejavnosti/odpadki/center-za-ravnanje-z-odpadki-cero/zbirni-center","n/a","n/a","n/a"
"HRASTNIK","KSP Hrastnik","Drugje, naročilo",2,"n/a","n/a","n/a","n/a","n/a","ZC Neža","Neža 39a, 1420 Trbovlje","pon-pet: 7-15, sob 9-13"
"LITIJA","KSP Litija d.o.o.","Drugje",2,"n/a","n/a","n/a","n/a","n/a","ZC Neža","Neža 39a, 1420 Trbovlje","pon-pet: 7-15, sob 9-13"
"ŠMARTNO PRI LITIJI","KSP Litija d.o.o.","Drugje",2,"n/a","n/a","n/a","n/a","n/a","ZC Neža","Neža 39a, 1420 Trbovlje","pon-pet: 7-15, sob 9-13"
"APAČE","KSP Ljutomer","Zbirni center, naročilo",1,"do 0,25 m3 brezplačno","ZC Apače","Črnci– pri žagi, za tovarno TMK (parcelna številka 159/2,
k.o. Črnci).","pet 12-16, sob 8-12","http://www.ksp-ljutomer.si/index.php/zbirni-center-ljutomer","n/a","n/a","n/a"
"KRIŽEVCI","KSP Ljutomer","Zbirni center, naročilo",2,"Zadnji račun ","ZC Ljutomer","http://www.ksp-ljutomer.si/uploads/ZC_ljutomer___spletna_stran.docx","pon, tor, čet, pet 7-15, sre: 7-17, sob 8-12","http://www.ksp-ljutomer.si/index.php/zbirni-center-ljutomer","n/a","n/a","n/a"
"LJUTOMER","KSP Ljutomer","Zbirni center, naročilo",2,"Zadnji račun ","ZC Ljutomer","http://www.ksp-ljutomer.si/uploads/ZC_ljutomer___spletna_stran.docx","pon, tor, čet, pet 7-15, sre: 7-17, sob 8-12","http://www.ksp-ljutomer.si/index.php/zbirni-center-ljutomer","n/a","n/a","n/a"
"RAZKRIŽJE","KSP Ljutomer","Zbirni center, naročilo",2,"Zadnji račun ","ZC Ljutomer","http://www.ksp-ljutomer.si/uploads/ZC_ljutomer___spletna_stran.docx","pon, tor, čet, pet 7-15, sre: 7-17, sob 8-12","http://www.ksp-ljutomer.si/index.php/zbirni-center-ljutomer","n/a","n/a","n/a"
"VERŽEJ","KSP Ljutomer","Zbirni center, naročilo",2,"Zadnji račun ","ZC Ljutomer","http://www.ksp-ljutomer.si/uploads/ZC_ljutomer___spletna_stran.docx","pon, tor, čet, pet 7-15, sre: 7-17, sob 8-12","http://www.ksp-ljutomer.si/index.php/zbirni-center-ljutomer","n/a","n/a","n/a"
"DIVAČA","KSP Sežana","Zbirni center, drugje, naročilo",1,"Do 300 kg brezplačno in identifikacija. Kar je več v PGM","CERO Sežana","2 km iz Sežane v smeri Vrhovelj","poleti: pon-pet 6-19, sob 8-13; pozimi: pon-pet 7-16, sob 8-13","http://www.ksp-sezana.si/ravnanje-z-odpadki/center-za-ravnanje-z-odpadki/sezana/","PGM Inženiring","Cesta na Lenivec 102, 6210 Sežana","pon - pet 7-15"
"HRPELJE - KOZINA","KSP Sežana","Zbirni center, drugje, naročilo",1,"Do 300 kg brezplačno in identifikacija. Kar je več v PGM","CERO Sežana","2 km iz Sežane v smeri Vrhovelj","poleti: pon-pet 6-19, sob 8-13; pozimi: pon-pet 7-16, sob 8-13","http://www.ksp-sezana.si/ravnanje-z-odpadki/center-za-ravnanje-z-odpadki/sezana/","PGM Inženiring","Cesta na Lenivec 102, 6210 Sežana","pon - pet 7-15"
"KOMEN","KSP Sežana","Zbirni center, drugje, naročilo",1,"Do 300 kg brezplačno in identifikacija. Kar je več v PGM","CERO Sežana","2 km iz Sežane v smeri Vrhovelj","poleti: pon-pet 6-19, sob 8-13; pozimi: pon-pet 7-16, sob 8-13","http://www.ksp-sezana.si/ravnanje-z-odpadki/center-za-ravnanje-z-odpadki/sezana/","PGM Inženiring","Cesta na Lenivec 102, 6210 Sežana","pon - pet 7-15"
"SEŽANA","KSP Sežana","Zbirni center, drugje, naročilo",1,"Do 300 kg brezplačno in identifikacija. Kar je več v PGM","CERO Sežana","2 km iz Sežane v smeri Vrhovelj","poleti: pon-pet 6-19, sob 8-13; pozimi: pon-pet 7-16, sob 8-13","http://www.ksp-sezana.si/ravnanje-z-odpadki/center-za-ravnanje-z-odpadki/sezana/","PGM Inženiring","Cesta na Lenivec 102, 6210 Sežana","pon - pet 7-15"
"ŠKOFJA LOKA","Loška komunala","Zbirni center, naročilo",1,"1 avtomobilska prikolica brezplačna","ZC Draga","Draga, 4220 Škofja Loka","pon, tor, čet, pet: 7-15; sre: 7-19; sob 8-13","http://www.loska-komunala.si/images/stories/dokumenti/odpadki/Letni_program_%C5%A0kofja_Loka_2019.pdf","n/a","n/a","n/a"
"ŽELEZNIKI","Loška komunala","Zbirni center, naročilo",1,"1 avtomobilska prikolica brezplačna","ZC Draga","Draga, 4220 Škofja Loka","pon, tor, čet, pet: 7-15; sre: 7-19; sob 8-13","http://www.loska-komunala.si/images/stories/dokumenti/odpadki/Letni_program_%C5%A0kofja_Loka_2019.pdf","n/a","n/a","n/a"
"ANKARAN","Marjetica Koper","Drugje",2,"/","n/a","n/a","n/a","n/a","CPGO Izola v okviru ZC Izola","Industrijska cesta 8, 6310 Izola","6-18, sobota 7-15"
"KOPER","Marjetica Koper","Drugje",2,"/","n/a","n/a","n/a","n/a","CPGO Izola v okviru ZC Izola","Industrijska cesta 8, 6310 Izola","6-18, sobota 7-15"
"OSILNICA","Občina Osilnica (samostojno)","Več informacij na 01/8941-505.",2,"Več informacij na 01/8941-505.","n/a","n/a","n/a","n/a","n/a","n/a","n/a"
"PIRAN","Okolje Piran","Drugje (napotijo na ZC Izola)",2,"/","ZC Izola","Industrijska cesta 8, 6310 Izola","pon-pet: 8-17, sob: 9-12","https://www.komunala-izola.si/jom3/index.php/sl/dejavnosti/odlagalisce-in-zbirni-center","/","/","/"
"BISTRICA OB SOTLI","OKP Rogaška Slatina","Zbirni center, naročilo",1,"20-30 kg brezplačno.","ZC Tuncovec","Tuncovec","pon-pet 8-16, sob 8-13","https://www.okp.si/index_jsnaga.php","n/a","n/a","n/a"
"KOZJE","OKP Rogaška Slatina","Zbirni center, naročilo",1,"20-30 kg brezplačno.","ZC Tuncovec","Tuncovec","pon-pet 8-16, sob 8-13","https://www.okp.si/index_jsnaga.php","n/a","n/a","n/a"
"PODČETRTEK","OKP Rogaška Slatina","Zbirni center, naročilo",1,"20-30 kg brezplačno.","ZC Tuncovec","Tuncovec","pon-pet 8-16, sob 8-13","https://www.okp.si/index_jsnaga.php","n/a","n/a","n/a"
"ROGAŠKA SLATINA","OKP Rogaška Slatina","Zbirni center, naročilo",1,"20-30 kg brezplačno.","ZC Tuncovec","Tuncovec","pon-pet 8-16, sob 8-13","https://www.okp.si/index_jsnaga.php","n/a","n/a","n/a"
"ROGATEC","OKP Rogaška Slatina","Zbirni center, naročilo",1,"20-30 kg brezplačno.","ZC Tuncovec","Tuncovec","pon-pet 8-16, sob 8-13","https://www.okp.si/index_jsnaga.php","n/a","n/a","n/a"
"ŠMARJE PRI JELŠAH","OKP Rogaška Slatina","Zbirni center, naročilo",1,"20-30 kg brezplačno.","ZC Tuncovec","Tuncovec","pon-pet 8-16, sob 8-13","https://www.okp.si/index_jsnaga.php","n/a","n/a","n/a"
"DOMŽALE","Prodnik","Zbirni center, naročilo",2,"/","CRO Dob","v Gričevju Malenski boršt, 2 km južno od naselja Dob. Dostop je urejen po cesti mimo naselja Dob v smeri Gorjuše","Zimski: pon-pet 14-18, sobota 8-18; Letni: pon-pet14-20, sobota 8-20","http://www.prodnik.si/ravnanje-z-odpadki/center-za-ravnanje-z-odpadki-dob","n/a","n/a","n/a"
"LUKOVICA","Prodnik","Zbirni center, naročilo",2,"/","CRO Dob","v Gričevju Malenski boršt, 2 km južno od naselja Dob. Dostop je urejen po cesti mimo naselja Dob v smeri Gorjuše","Zimski: pon-pet 14-18, sobota 8-18; Letni: pon-pet14-20, sobota 8-20","http://www.prodnik.si/ravnanje-z-odpadki/center-za-ravnanje-z-odpadki-dob","n/a","n/a","n/a"
"MENGEŠ","Prodnik","Zbirni center, naročilo",2,"/","CRO Dob","v Gričevju Malenski boršt, 2 km južno od naselja Dob. Dostop je urejen po cesti mimo naselja Dob v smeri Gorjuše","Zimski: pon-pet 14-18, sobota 8-18; Letni: pon-pet14-20, sobota 8-20","http://www.prodnik.si/ravnanje-z-odpadki/center-za-ravnanje-z-odpadki-dob","n/a","n/a","n/a"
"MORAVČE","Prodnik","Zbirni center, naročilo",2,"/","CRO Dob","v Gričevju Malenski boršt, 2 km južno od naselja Dob. Dostop je urejen po cesti mimo naselja Dob v smeri Gorjuše","Zimski: pon-pet 14-18, sobota 8-18; Letni: pon-pet14-20, sobota 8-20","http://www.prodnik.si/ravnanje-z-odpadki/center-za-ravnanje-z-odpadki-dob","n/a","n/a","n/a"
"TRZIN","Prodnik","Zbirni center, naročilo",2,"/","CRO Dob","v Gričevju Malenski boršt, 2 km južno od naselja Dob. Dostop je urejen po cesti mimo naselja Dob v smeri Gorjuše","Zimski: pon-pet 14-18, sobota 8-18; Letni: pon-pet14-20, sobota 8-20","http://www.prodnik.si/ravnanje-z-odpadki/center-za-ravnanje-z-odpadki-dob","n/a","n/a","n/a"
"KAMNIK","Publicus d.o.o.","Zbirni center, naročilo",1,"manjše količine","ZC Suhadole","Suhadole 101, 1218 Komenda","poleti (1.3-30.9): pon-pet 6-19; pozimi (1.10-28.2):6-16; sob: 8-13 ","http://www.publikus.si/vizitka-podjetja/","n/a","n/a","n/a"
"KOMENDA","Publicus d.o.o.","Zbirni center, naročilo",1,"manjše količine","ZC Suhadole","Suhadole 101, 1218 Komenda","poleti (1.3-30.9): pon-pet 6-19; pozimi (1.10-28.2):6-16; sob: 8-13 ","http://www.publikus.si/vizitka-podjetja/","n/a","n/a","n/a"
"PIVKA","Publicus d.o.o.","Zbirni center",1,"manjše količine brezplačno","ZC Pivka","Neverke 31a, 6256 Košana","pon, sre, pet, sob: 8-15; tor, čet: 12-18","https://www.google.com/url?sa=t&rct=j&q=&esrc=s&source=web&cd=3&cad=rja&uact=8&ved=2ahUKEwiwl8y6xNvfAhWKalAKHWa-BQMQFjACegQICBAC&url=https%3A%2F%2Fwww.pivka.si%2Ffiles%2Fother%2Fnews%2F102%2F125125O%25C4%258CISTIMO%2520PIVKO%25202018%2520-%2520KAM%2520Z%2520ODPADKI.doc&usg=AOvVaw2Ue6iUvcuYaKxquGEy_G9P","n/a","n/a","n/a"
"POSTOJNA","Publicus d.o.o.","Zbirni center",1,"/","ZC Postojna","ob odlagališču nenevarnih odpadkov Stara vas pri Postojni","pon-pet: 7-18, sob: 7-15","https://www.postojna.si/post/80320","n/a","n/a","n/a"
"GORNJI GRAD","PUP Saubermacher","Zbirni center, naročilo",2,"identifikacija in položnica PUP-Saubermacher","ZC Podhom","ob bivšem odlagališču nenevarnih komunalnih odpadkov Gornji Grad (najbližji naslov ZC je Podhom 7, Gornji Grad). Na cesti Grušovlje-Homec je tudi tabla Zbirni center Podhom.","tor 8-15.30, čet: 10-17, prva sob. v mesecu: 8-12","http://www.pup-saubermacher.si/s/zbirni-centri/podhom/","n/a","n/a","n/a"
"LJUBNO","PUP Saubermacher","Zbirni center, naročilo",2,"identifikacija in položnica PUP-Saubermacher","ZC Podhom","ob bivšem odlagališču nenevarnih komunalnih odpadkov Gornji Grad (najbližji naslov ZC je Podhom 7, Gornji Grad). Na cesti Grušovlje-Homec je tudi tabla Zbirni center Podhom.","tor 8-15.30, čet: 10-17, prva sob. v mesecu: 8-12","http://www.pup-saubermacher.si/s/zbirni-centri/podhom/","n/a","n/a","n/a"
"LUČE","PUP Saubermacher","Zbirni center, naročilo",2,"identifikacija in položnica PUP-Saubermacher","ZC Podhom","ob bivšem odlagališču nenevarnih komunalnih odpadkov Gornji Grad (najbližji naslov ZC je Podhom 7, Gornji Grad). Na cesti Grušovlje-Homec je tudi tabla Zbirni center Podhom.","tor 8-15.30, čet: 10-17, prva sob. v mesecu: 8-12","http://www.pup-saubermacher.si/s/zbirni-centri/podhom/","n/a","n/a","n/a"
"NAZARJE","PUP Saubermacher","Zbirni center, naročilo",2,"identifikacija in položnica PUP-Saubermacher","ZC Podhom","ob bivšem odlagališču nenevarnih komunalnih odpadkov Gornji Grad (najbližji naslov ZC je Podhom 7, Gornji Grad). Na cesti Grušovlje-Homec je tudi tabla Zbirni center Podhom.","tor 8-15.30, čet: 10-17, prva sob. v mesecu: 8-12","http://www.pup-saubermacher.si/s/zbirni-centri/podhom/","n/a","n/a","n/a"
"SOLČAVA","PUP Saubermacher","Zbirni center, naročilo",2,"identifikacija in položnica PUP-Saubermacher","ZC Podhom","ob bivšem odlagališču nenevarnih komunalnih odpadkov Gornji Grad (najbližji naslov ZC je Podhom 7, Gornji Grad). Na cesti Grušovlje-Homec je tudi tabla Zbirni center Podhom.","tor 8-15.30, čet: 10-17, prva sob. v mesecu: 8-12","http://www.pup-saubermacher.si/s/zbirni-centri/podhom/","n/a","n/a","n/a"
"ŠMARTNO OB PAKI","PUP Saubermacher","Zbirni center, naročilo",1,"Do 300 kg brezplačno. Identifikacija in položnica PUP-Saubermacher.","ZC Velenje","ob Škalskem jezeru","(nov-feb)pon, sre, pet: 7-15, tor, čet: 7-16, sob 8-13; (mar-okt) pon-pet 7-18, sob 8-12","http://www.pup-saubermacher.si/s/zbirni-centri/velenje-1/","n/a","n/a","n/a"
"ŠOŠTANJ","PUP Saubermacher","Zbirni center, naročilo",1,"Do 300 kg brezplačno. Identifikacija in položnica PUP-Saubermacher.","ZC Velenje","ob Škalskem jezeru","(nov-feb)pon, sre, pet: 7-15, tor, čet: 7-16, sob 8-13; (mar-okt) pon-pet 7-18, sob 8-12","http://www.pup-saubermacher.si/s/zbirni-centri/velenje-1/","n/a","n/a","n/a"
"VELENJE","PUP Saubermacher","Zbirni center, naročilo",1,"Do 300 kg brezplačno. Identifikacija in položnica PUP-Saubermacher.","ZC Velenje","ob Škalskem jezeru","(nov-feb)pon, sre, pet: 7-15, tor, čet: 7-16, sob 8-13; (mar-okt) pon-pet 7-18, sob 8-12","http://www.pup-saubermacher.si/s/zbirni-centri/velenje-1/","n/a","n/a","n/a"
"BLOKE","Režijski obrat občine Bloke (V sodelovanju s Komunalo Ribnica)","Zbirni center, naročilo",2,"Identifikacija","ZC Goriča vas","Goriča vas 11A, 1310 Ribnica","(1.11-31.3) pon, sre, čet, pet: 7-15, tor: 9-17, sob 8-13; (1.4-31-10) pon, sre, čet, pet: 7-15, tor: 11-19, sob 8-13","http://www.komunala-ribnica.si/zbirni-center","n/a","n/a","n/a"
"GORENJA VAS - POLJANE","Režijski obrat Občine Goranja vas - Poljane","Zbirni center",1,"do 0,2 m3, potrebno jih je ločeno zbrati (npr. brez dodanih plastičnih odpadkov)","ZC Todraž","Todraž, 4224 Gorenja vas","pon: 9-17, sre: 8-17, 2. sob 8-12","http://www.obcina-gvp.si/sl/content/za-obcane/zbiranje-gradbenih-odpadkov-in-azbestno-cementne-kritine.html","n/a","n/a","n/a"
"BELTINCI","Saubermacher Komunala","Drugje, naročilo",2,"n/a","n/a","n/a","n/a","n/a","SGP Pomgrad","Bakovska ulica 31, 9000 Murska Sobota","n/a"
"CANKOVA","Saubermacher Komunala","Drugje, naročilo",2,"n/a","n/a","n/a","n/a","n/a","SGP Pomgrad","Bakovska ulica 31, 9000 Murska Sobota","n/a"
"ČRENŠOVCI","Saubermacher Komunala","Drugje, naročilo",2,"n/a","n/a","n/a","n/a","n/a","SGP Pomgrad","Bakovska ulica 31, 9000 Murska Sobota","n/a"
"DOBROVNIK","Saubermacher Komunala","Drugje, naročilo",2,"n/a","n/a","n/a","n/a","n/a","SGP Pomgrad","Bakovska ulica 31, 9000 Murska Sobota","n/a"
"GORNJI PETROVCI","Saubermacher Komunala","Drugje, naročilo",2,"n/a","n/a","n/a","n/a","n/a","SGP Pomgrad","Bakovska ulica 31, 9000 Murska Sobota","n/a"
"GRAD","Saubermacher Komunala","Drugje, naročilo",2,"n/a","n/a","n/a","n/a","n/a","SGP Pomgrad","Bakovska ulica 31, 9000 Murska Sobota","n/a"
"HODOŠ","Saubermacher Komunala","Drugje, naročilo",2,"n/a","n/a","n/a","n/a","n/a","SGP Pomgrad","Bakovska ulica 31, 9000 Murska Sobota","n/a"
"KOBILJE","Saubermacher Komunala","Drugje, naročilo",2,"n/a","n/a","n/a","n/a","n/a","SGP Pomgrad","Bakovska ulica 31, 9000 Murska Sobota","n/a"
"KUZMA","Saubermacher Komunala","Drugje, naročilo",2,"n/a","n/a","n/a","n/a","n/a","SGP Pomgrad","Bakovska ulica 31, 9000 Murska Sobota","n/a"
"MORAVSKE TOPLICE","Saubermacher Komunala","Drugje, naročilo",2,"n/a","n/a","n/a","n/a","n/a","SGP Pomgrad","Bakovska ulica 31, 9000 Murska Sobota","n/a"
"MURSKA SOBOTA","Saubermacher Komunala","Drugje, naročilo",2,"n/a","n/a","n/a","n/a","n/a","SGP Pomgrad","Bakovska ulica 31, 9000 Murska Sobota","n/a"
"ODRANCI","Saubermacher Komunala","Drugje, naročilo",2,"n/a","n/a","n/a","n/a","n/a","SGP Pomgrad","Bakovska ulica 31, 9000 Murska Sobota","n/a"
"PUCONCI","Saubermacher Komunala","Drugje, naročilo",2,"n/a","n/a","n/a","n/a","n/a","SGP Pomgrad","Bakovska ulica 31, 9000 Murska Sobota","n/a"
"ROGAŠOVCI","Saubermacher Komunala","Drugje, naročilo",2,"n/a","n/a","n/a","n/a","n/a","SGP Pomgrad","Bakovska ulica 31, 9000 Murska Sobota","n/a"
"ŠALOVCI","Saubermacher Komunala","Drugje, naročilo",2,"n/a","n/a","n/a","n/a","n/a","SGP Pomgrad","Bakovska ulica 31, 9000 Murska Sobota","n/a"
"TIŠINA","Saubermacher Komunala","Drugje, naročilo",2,"n/a","n/a","n/a","n/a","n/a","SGP Pomgrad","Bakovska ulica 31, 9000 Murska Sobota","n/a"
"TURNIŠČE","Saubermacher Komunala","Drugje, naročilo",2,"n/a","n/a","n/a","n/a","n/a","SGP Pomgrad","Bakovska ulica 31, 9000 Murska Sobota","n/a"
"VELIKA POLANA","Saubermacher komunala","Drugje, naročilo",2,"n/a","n/a","n/a","n/a","n/a","SGP Pomgrad","Bakovska ulica 31, 9000 Murska Sobota","n/a"
"BENEDIKT","Saubermacher Slovenija","Zbirni center, naročilo",1,"Do 200 kg na leto brezplačno. Identifikacija in plačana zadnja položnica za komunalne storitve.","ZC Lenart","Sp. Porčič 4/a, 2230 Lenart","pon-pet: 7-15, sre, 7-17, sob:7-12","Ni podatka.","n/a","n/a","n/a"
"CERKVENJAK","Saubermacher Slovenija","Zbirni center, naročilo",1,"Do 200 kg na leto brezplačno. Identifikacija in plačana zadnja položnica za komunalne storitve.","ZC Lenart","Sp. Porčič 4/a, 2230 Lenart","pon-pet: 7-15, sre, 7-17, sob:7-12","Ni podatka.","n/a","n/a","n/a"
"HOČE - SLIVNICA","Saubermacher Slovenija","Zbirni center, naročilo",1,"Do 2m3 na leto brezplačno. Identifikacija in plačana zadnja položnica za komunalne storitve","ZC Slivnica","naselje Slivnica, pri nadvozu","(15.3-14-11) tor 13-18, sob 8-13, (15.11-14.3) tor 13-17, sob 9-13","https://hoceslivnica.e-obcina.si/post/12087","n/a","n/a","n/a"
"LENART","Saubermacher Slovenija","Zbirni center, naročilo",1,"Do 200 kg na leto brezplačno. Identifikacija in plačana zadnja položnica za komunalne storitve.","ZC Lenart","Sp. Porčič 4/a, 2230 Lenart","pon-pet: 7-15, sre, 7-17, sob:7-12","Ni podatka.","n/a","n/a","n/a"
"RADENCI","Saubermacher Slovenija","Zbirni center, naročilo",2,"/","ZC Radenci","Boračeva (pri bivši žagi)","sob: 8-12","https://radenci.si/wp-content/uploads/2016/10/Obcina-Radenci_Informator-1_2017.pdf","n/a","n/a","n/a"
"SVETA ANA","Saubermacher Slovenija","Zbirni center, naročilo",1,"Do 200 kg na leto brezplačno. Identifikacija in plačana zadnja položnica za komunalne storitve.","ZC Lenart","Sp. Porčič 4/a, 2230 Lenart","pon-pet: 7-15, sre, 7-17, sob:7-12","Ni podatka.","n/a","n/a","n/a"
"SVETA TROJICA V SLOVENSKIH GORICAH","Saubermacher Slovenija","Zbirni center, naročilo",1,"Do 200 kg na leto brezplačno. Identifikacija in plačana zadnja položnica za komunalne storitve.","ZC Lenart","Sp. Porčič 4/a, 2230 Lenart","pon-pet: 7-15, sre, 7-17, sob:7-12","Ni podatka.","n/a","n/a","n/a"
"SVETI JURIJ OB ŠČAVNICI","Saubermacher Slovenija","Zbirni center, naročilo",2,"identifikacija in plačana zadnja položnica za komunalne storitve","ZC Lenart","Sp. Porčič pri Lenartu","pon-pet 7-15, sob 7-12","http://www.sentilj.si/komunala/#1456318736591-65125c7d-b052","n/a","n/a","n/a"
"SVETI JURIJ V SLOVENSKIH GORICAH","Saubermacher Slovenija","Zbirni center, naročilo",1,"Do 200 kg na leto brezplačno. Identifikacija in plačana zadnja položnica za komunalne storitve.","ZC Lenart","Sp. Porčič 4/a, 2230 Lenart","pon-pet: 7-15, sre, 7-17, sob:7-12","Ni podatka.","n/a","n/a","n/a"
"ŠENTILJ","Saubermacher Slovenija","Zbirni center, naročilo",2,"/","ZC Šentilj","na lokaciji čistilne naprave tik ob meji z avstrijo","čet 13-16, sob 8-12","http://www.sentilj.si/komunala/#1451065883372-fdcbc4bd-7d08","n/a","n/a","n/a"
"VITANJE","Saubermacher Slovenija","Zbirni center, naročilo",1,"Do 2m3 na leto brezplačno. Identifikacija in plačana zadnja položnica za komunalne storitve","ZC Zreče","kamnolom Trunkl, Zreče","(15.3-14.11) sre 14-18, sob 8-12; (15.11-14.3) sre 12-16, sob 8-12","https://www.saubermacher.si/fileadmin/user_upload/Files_SI/pdfs/koledar_odvoza/2018/SM_urnik_Vitanje_2018_Final_www.pdf","n/a","n/a","n/a"
"ZREČE","Saubermacher Slovenija","Zbirni center, naročilo",1,"Do 2m3 na leto brezplačno. Identifikacija in plačana zadnja položnica za komunalne storitve","ZC Zreče","kamnolom Trunkl, Zreče","(15.3-14.11) sre 14-18, sob 8-12; (15.11-14.3) sre 12-16, sob 8-12","https://www.saubermacher.si/fileadmin/user_upload/Files_SI/pdfs/koledar_odvoza/2018/SM_urnik_Vitanje_2018_Final_www.pdf","n/a","n/a","n/a"
"BRASLOVČE","Simbio","Zbirni center, naročilo",1,"v velikosti 1 avto prikolice, skupno do 3m3. identifikacija z osebnim dokumentom ali odrezkom zadnje položnice","ZC Braslovče","Zbirni center za odpadke je v Podvrhu, v pokritem prostoru bivšega kmetijskega kompleksa Žovnek","sob: 8-13","http://www.braslovce.si/Komunala/Odpadki","RCERO Celje","Bukovžlak 30, 3221 Teharje","pon-pet: 6-20, sob: 6-14"
"CELJE","Simbio","Zbirni center, naročilo",1,"v velikosti 1 avto prikolice, skupno do 3m3. identifikacija z osebnim dokumentom ali odrezkom zadnje položnice","RCERO Celje","Bukovžlak 30, 3221 Teharje","pon-pet: 6-20, sob: 6-14","http://www.simbio.si/zbirni-centri","n/a","n/a","n/a"
"DOBJE","Simbio","Zbirni center, naročilo",1,"v velikosti 1 avto prikolice, skupno do 3m3. identifikacija z osebnim dokumentom ali odrezkom zadnje položnice","RCERO Celje","Bukovžlak 30, 3221 Teharje","pon-pet: 6-20, sob: 6-14","http://www.simbio.si/zbirni-centri","n/a","n/a","n/a"
"DOBRNA","Simbio","Zbirni center, naročilo",1,"v velikosti 1 avto prikolice, skupno do 3m3. identifikacija z osebnim dokumentom ali odrezkom zadnje položnice","ZC Vojnik","Celjska cesta 55 (v Obrtno-poslovni coni Arclin)","sob: 8-12, (letni čas): tor: 15-19, čet: 14-19 (zimski čas): tor: 15-18, čet: 14-18","https://m.mojaobcina.si/vojnik/novice/zbirni-center.html","RCERO Celje","Bukovžlak 30, 3221 Teharje","pon-pet: 6-20, sob: 6-14"
"POLZELA","Simbio","Zbirni center, naročilo",1,"v velikosti 1 avto prikolice, skupno do 3m3. identifikacija z osebnim dokumentom ali odrezkom zadnje položnice","ZC Polzela","pri kamnolomu Ekoplana","sob: 8-12","http://www.simbio.si/zbirni-centri","RCERO Celje","Bukovžlak 30, 3221 Teharje","pon-pet: 6-20, sob: 6-14"
"PREBOLD","Simbio","Zbirni center, naročilo",1,"v velikosti 1 avto prikolice, skupno do 3m3. identifikacija z osebnim dokumentom ali odrezkom zadnje položnice","ZC Prebold","v Latkovi vasi v bližini podjetja Schiedel in Bisol","sob: 8-12, Letni čas: tor: 11-17, zimski čas: 11-16","https://prebold.si/index.php/za-obcane/zbirni-center-odpadkov","RCERO Celje","Bukovžlak 30, 3221 Teharje","pon-pet: 6-20, sob: 6-14"
"ŠENTJUR","Simbio","Zbirni center, naročilo",1,"v velikosti 1 avto prikolice, skupno do 3m3. identifikacija z osebnim dokumentom ali odrezkom zadnje položnice","RCERO Celje","Bukovžlak 30, 3221 Teharje","pon-pet: 6-20, sob: 6-14","http://www.simbio.si/zbirni-centri","n/a","n/a","n/a"
"ŠTORE","Simbio","Zbirni center, naročilo",1,"v velikosti 1 avto prikolice, skupno do 3m3. identifikacija z osebnim dokumentom ali odrezkom zadnje položnice","RCERO Celje","Bukovžlak 30, 3221 Teharje","pon-pet: 6-20, sob: 6-14","http://www.simbio.si/zbirni-centri","n/a","n/a","n/a"
"TABOR","Simbio","Zbirni center, naročilo",1,"v velikosti 1 avto prikolice, skupno do 3m3. identifikacija z osebnim dokumentom ali odrezkom zadnje položnice","ZC Vransko - Tabor","na izvozu z avtoceste Celje – Ljubljana, v industrijski coni Vransko, kraj Čeplje, v bližini podjetja Petre šotori","sre: 14-18, sob: 8-12","http://www.simbio.si/zbirni-centri","RCERO Celje","Bukovžlak 30, 3221 Teharje","pon-pet: 6-20, sob: 6-14"
"VOJNIK","Simbio","Zbirni center, naročilo",1,"v velikosti 1 avto prikolice, skupno do 3m3. identifikacija z osebnim dokumentom ali odrezkom zadnje položnice","ZC Vojnik","Celjska cesta 55 (v Obrtno-poslovni coni Arclin)","sob: 8-12, (letni čas): tor: 15-19, čet: 14-19 (zimski čas): tor: 15-18, čet: 14-18","https://m.mojaobcina.si/vojnik/novice/zbirni-center.html","RCERO Celje","Bukovžlak 30, 3221 Teharje","pon-pet: 6-20, sob: 6-14"
"VRANSKO","Simbio","Zbirni center, naročilo",1,"v velikosti 1 avto prikolice, skupno do 3m3. identifikacija z osebnim dokumentom ali odrezkom zadnje položnice","ZC Vransko - Tabor","na izvozu z avtoceste Celje – Ljubljana, v industrijski coni Vransko, kraj Čeplje, v bližini podjetja Petre šotori","sre: 14-18, sob: 8-12","http://www.simbio.si/zbirni-centri","RCERO Celje","Bukovžlak 30, 3221 Teharje","pon-pet: 6-20, sob: 6-14"
"ŽALEC","Simbio","Zbirni center, naročilo",1,"v velikosti 1 avto prikolice, skupno do 3m3. identifikacija z osebnim dokumentom ali odrezkom zadnje položnice","ZC Žalec","Poslovna cona Nivo v Vrbju (nasproti Gorenje Surovine, d.o.o., PE Žalec, Ulica Savinjske čete 18, 3310 Žalec)","sob: 7-13, (Letni čas): pon-pet: 10-18, (zimski čas): 9-16","http://www.simbio.si/zbirni-centri","RCERO Celje","Bukovžlak 30, 3221 Teharje","pon-pet: 6-20, sob: 6-14"
"BREZOVICA","Snaga d.o.o.","Drugje, naročilo",1,"Do 0,5 m3","n/a","n/a","n/a","n/a","ZC Barje","Cesta dveh cesarjev 101","(1.4-31.10) pon-sob med 6-20 in od (1.11 do 31.3) od pon-sob 6-18"
"CERKLJE NA GORENJSKEM","Snaga d.o.o.","Zbirni center, naročilo",1,"Do 0,5 m3","ZC Cerklje na Gorenjskem","ob novem gasilnem dobu v Cerkljah","sre:13-18, sob:8-13","http://www.snaga.si/zbiranje-odvoz-odpadkov/zbirni-centri/zbirni-center-cerklje-na-gorenjskem","ZC Barje","Cesta dveh cesarjev 101","(1.4-31.10) pon-sob med 6-20 in od (1.11 do 31.3) od pon-sob 6-18"
"DOBROVA - POLHOV GRADEC","Snaga d.o.o.","Zbirni center, naročilo",1,"Do 0,5 m3","ZC Barje","Cesta dveh cesarjev 101","(1.4-31.10) pon-sob med 6-20 in od (1.11 do 31.3) od pon-sob 6-18","http://www.snaga.si/zbiranje-odvoz-odpadkov/zbirni-centri/zbirni-center-barje","n/a","n/a","n/a"
"DOL PRI LJUBLJANI","Snaga d.o.o.","Zbirni center, naročilo",1,"Do 0,5 m3","ZC Barje","Cesta dveh cesarjev 101","(1.4-31.10) pon-sob med 6-20 in od (1.11 do 31.3) od pon-sob 6-18","http://www.snaga.si/zbiranje-odvoz-odpadkov/zbirni-centri/zbirni-center-barje","n/a","n/a","n/a"
"HORJUL","Snaga d.o.o.","Zbirni center, naročilo",1,"do 0,5 m3","ZC Barje","Cesta dveh cesarjev 101","(1.4-31.10) pon-sob med 6-20 in od (1.11 do 31.3) od pon-sob 6-18","http://www.snaga.si/zbiranje-odvoz-odpadkov/zbirni-centri/zbirni-center-barje","n/a","n/a","n/a"
"IG","Snaga d.o.o.","Drugje, naročilo",1,"do 0,5 m3","n/a","n/a","n/a","n/a","ZC Barje","Cesta dveh cesarjev 101","(1.4-31.10) pon-sob med 6-20 in od (1.11 do 31.3) od pon-sob 6-18"
"LJUBLJANA","Snaga d.o.o.","Zbirni center, naročilo",1,"do 0,5 m3","ZC Barje","Cesta dveh cesarjev 101","(1.4-31.10) pon-sob med 6-20 in od (1.11 do 31.3) od pon-sob 6-18","http://www.snaga.si/zbiranje-odvoz-odpadkov/zbirni-centri/zbirni-center-barje","n/a","n/a","n/a"
"MEDVODE","Snaga d.o.o.","Drugje, naročilo",1,"do 0,5 m3","n/a","n/a","n/a","n/a","ZC Barje","Cesta dveh cesarjev 101","(1.4-31.10) pon-sob med 6-20 in od (1.11 do 31.3) od pon-sob 6-18"
"ŠKOFLJICA","Snaga d.o.o.","Drugje, naročilo",1,"do 0,5 m3","n/a","n/a","n/a","n/a","ZC Barje","Cesta dveh cesarjev 101","(1.4-31.10) pon-sob med 6-20 in od (1.11 do 31.3) od pon-sob 6-18"
"VELIKE LAŠČE","Snaga d.o.o.","Drugje, naročilo",1,"do 0,5 m3","n/a","n/a","n/a","n/a","ZC Barje","Cesta dveh cesarjev 101","(1.4-31.10) pon-sob med 6-20 in od (1.11 do 31.3) od pon-sob 6-18"
"VODICE","Snaga d.o.o.","Drugje, naročilo",1,"do 0,5 m3","n/a","n/a","n/a","n/a","ZC Barje","Cesta dveh cesarjev 101","(1.4-31.10) pon-sob med 6-20 in od (1.11 do 31.3) od pon-sob 6-18"
"KUNGOTA","Snaga MB","Zbirni center, naročilo",1,"do 110 kg, odrezek zadnje položnice in osebni dokument","ZC ZG. Kungota","pod cerkvijo v Zg. Kungoti","poleti: sre 12-18, sob 9-18; pozimi sre 12-16, sob 9-16. sprememba s prestavitvijo ure","http://www.kungota.si/komunalni-odpadki/delovni-cas-zbirnega-centra.aspx","n/a","n/a","n/a"
"LOVRENC NA POHORJU","snaga MB","Zbirni center, naročilo",1,"odrezek zadnje položnice in osebni dokument","ZC Lovrenc na Pohorju","za Tovarno kos in srpov","sre: 15-18, sob: 9-14","http://www.snaga-mb.si/zbirni-centri/","n/a","n/a","n/a"
"MARIBOR","Snaga MB","Zbirni center, naročilo",1,"odrezek zadnje položnice in osebni dokument","ZC Lahova","na Teznu, na Lahovi ulici, tik pred podjetjem Gorenje Surovina","poleti: 7-19, pozimi 7-17; sob 8-15","http://www.snaga-mb.si/zbirni-centri/","ZC Plinarniška","V Melju na plinarniški ulici, nasproti plinarne","poleti 7-19, pozimi 7-17; sob 8-15"
"MIKLAVŽ NA DRAVSKEM POLJU","snaga MB","Zbirni center, naročilo",1,"odrezek zadnje položnice in osebni dokument","ZC Miklavž na Dr. polju","ob glavni cesti skozi občino, na desni strani kanala v smeri Ptuja","tor: 15-19, čet 15-19, sob 8-16","http://www.snaga-mb.si/zbirni-centri/","n/a","n/a","n/a"
"PESNICA","snaga MB","Zbirni center, naročilo",1,"odrezek zadnje položnice in osebni dokument","ZC Pesnica","Pesniški Dvor","poleti(1.4-31.10) tor 12-18 sob 9-15; pozimi(1.11-31-3) tor 12-16, sob 9-16","http://www.snaga-mb.si/zbirni-centri/","n/a","n/a","n/a"
"RUŠE","snaga MB","Zbirni center, naročilo",1,"odrezek zadnje položnice in osebni dokument","ZC Ruše","za bivšo tovarno dušika Ruše","tor, čet 12-18, sob 9-17","http://www.snaga-mb.si/zbirni-centri/","n/a","n/a","n/a"
"SELNICA OB DRAVI","snaga MB","Zbirni center, naročilo",1,"odrezek zadnje položnice in osebni dokument","ZC Ruše","za bivšo tovarno dušika Ruše","tor, čet 12-18, sob 9-17","http://www.snaga-mb.si/zbirni-centri/","n/a","n/a","n/a"
"STARŠE","snaga MB","Zbirni center, naročilo",1,"odrezek zadnje položnice in osebni dokument","ZC Starše","pod elektrarno","poleti(1.4-31.10) sre 11-19 sob 9-15; pozimi(1.11-31-3) sre 11-17, sob 9-14","http://starse.si/index.php/sl/obcina-starse/zbirni-center","n/a","n/a","n/a"
