"OBČINA","KOMUNALA","NAČIN ZBIRANJA (zbirni center ALI naročilo ALI akcije)","(0 = neomejeno, 1 = omejeno brezplačno, 2 = samo proti plačilu)","POGOJI ZA BREZPLAČNO ODDAJO","ZBIRNI CENTER","NASLOV ZC","ODPIRALNI ČAS","POVEZAVA",,"ig+vodice,"
"CIRKULANE","Čisto mesto Ptuj d.o.o.","akcija, naročilo",0,"Občani, ki so vključeni v odvoz odpadkov in se identificirajo z zadnjim odrezkom položnice.","CERO Gajke","Dornavska cesta 26, 2250 Ptuj","1.4-31-10 pon - pet 8-20, sob 8-14; 1.11-31.3 pon-pet 8-17, sob 8-14","https://www.js-ptuj.si/odpadki/zbirni-center",,
"DESTRNIK","Čisto mesto Ptuj d.o.o.","akcija, naročilo",0,"Občani, ki so vključeni v odvoz odpadkov in se identificirajo z zadnjim odrezkom položnice.","CERO Gajke","Dornavska cesta 26, 2250 Ptuj","1.4-31-10 pon - pet 8-20, sob 8-14; 1.11-31.3 pon-pet 8-17, sob 8-14","https://www.js-ptuj.si/odpadki/zbirni-center",,
"DUPLEK","Čisto mesto Ptuj d.o.o.","Zbirni center, akcija",0,"Občani, ki so vključeni v odvoz odpadkov in se identificirajo z zadnjim odrezkom položnice.","ZC Duplek","režijski obrat Duplek","pon 13-16, sre 11-18, pet 10-17, sob 8-11","http://cistomesto.si/images/documents/Urniki/cisto-mesto-urnik-duplek-1-2018.pdf",,
"KIDRIČEVO","Čisto mesto Ptuj d.o.o.","Zbirni center, naročilo, akcija",0,"Občani, ki so vključeni v odvoz odpadkov in se identificirajo z zadnjim odrezkom položnice.","ZC Kidričevo","Njiverce, cesta za Talum","poleti: tor, čet 10-18, sob 8-13; pozimi tor, čet: 9-17, sob 8-13","http://cistomesto.si/images/documents/Urniki/cisto-mesto-urnik-duplek-1-2018.pdf",,
"MAJŠPERK","Čisto mesto Ptuj d.o.o.","Zbirni center, naročilo, akcija",0,"Občani, ki so vključeni v odvoz odpadkov in se identificirajo z zadnjim odrezkom položnice.","ZC Majšperk","pri čistilni napravi Majšperk","tor: 13-16, pet: 10-17, sob 8-11","http://cistomesto.si/images/documents/Urniki/cisto-mesto-urnik-majsperk-2018.pdf",,
"PODLEHNIK","Čisto mesto Ptuj d.o.o.","zbirni center, akcija, naročilo",0,"Občani, ki so vključeni v odvoz odpadkov in se identificirajo z zadnjim odrezkom položnice.","ZC Žetale","naselje Dobrina","tor: 9-12, pet: 10-17, sob 12-15","https://www.podlehnik.si/files/other/news/178/117625ZBIRNI%20CENTRI.pdf",,
"SVETI ANDRAŽ V SLOVENSKIH GORICAH","Čisto mesto Ptuj d.o.o.","Zbirni center, naročilo, akcija",0,"Občani, ki so vključeni v odvoz odpadkov in se identificirajo z zadnjim odrezkom položnice.","ZC Trnovska vas","pri režijskem obratu Trnovska vas","pon: 9-12, čet: 10-17, sob: 12-15","https://www.sv-andraz.si/post/7438",,
"TRNOVSKA VAS","Čisto mesto Ptuj d.o.o.","Zbirni center, naročilo, akcija",0,"Občani, ki so vključeni v odvoz odpadkov in se identificirajo z zadnjim odrezkom položnice.","ZC Trnovska vas","pri režijskem obratu Trnovska vas","pon: 9-12, čet: 10-17, sob: 12-15","http://cistomesto.si/images/documents/Urniki/cisto-mesto-urniki-trnovska-vas-2018.pdf",,
"VIDEM","Čisto mesto Ptuj d.o.o.","Zbirni center, naročilo, akcija",0,"Občani, ki so vključeni v odvoz odpadkov in se identificirajo z zadnjim odrezkom položnice.","ZC Videm","industrijska cona Videm","pon 9-12, sre: 10-17, sob: 8-11","http://cistomesto.si/images/documents/Urniki/cisto-mesto-urnik-videm-2018.pdf",,
"ZAVRČ","Čisto mesto Ptuj d.o.o.","zbirni center, akcija, naročilo",0,"Občani, ki so vključeni v odvoz odpadkov in se identificirajo z zadnjim odrezkom položnice.","CERO Gajke","Dornavska cesta 26, 2250 Ptuj","1.4-31-10 pon - pet 8-20, sob 8-14; 1.11-31.3 pon-pet 8-17, sob 8-14","https://www.js-ptuj.si/odpadki/zbirni-center",,
"ŽETALE","Čisto mesto Ptuj d.o.o.","Zbirni center, naročilo, akcija",0,"Občani, ki so vključeni v odvoz odpadkov in se identificirajo z zadnjim odrezkom položnice.","ZC Žetale","naselje Dobrina","tor 9-12, pet: 10-17, sob: 12-15","http://www.cistomesto.si/images/documents/Urniki/cisto-mesto-urnik-zetale-2018.pdf",,
"LENDAVA","Eko park d.o.o.","Zbirni center, akcija",2,"?","ZC Dolga vas","Dolgovaške Gorice 166b, 9220 Lendava","tor, pet: 12-16","https://www.lendava.si/sl/objave/obratovanje-zbirnega-centra-dolga-vas",,
"ŽIRI","Frelih bus","Zbirni center",0,"osebni dokument ali plačan račun komunalnih storitev","ZC Osojnica","Žiri 30, 4226 Žiri","tor: 17-20, sre 10-14 in 17-20, pet 10-14, sob 10-13","https://www.ziri.si/objava/57683",,
"BLED","Inrastruktura Bled","Zbirni center, naročilo",0,"osebni dokument ali plačan račun komunalnih storitev","ZC Bled","Rečiška cesta 2, Bled","pod-pet 7.00-19.00, sob 8.00-12.00.","https://www.infrastruktura-bled.si/",,
"GORJE","Inrastruktura Bled","Zbirni center, naročilo",0,"osebni dokument ali plačan račun komunalnih storitev","ZC Bled","Rečiška cesta 2, Bled","pod-pet 7.00-19.00, sob 8.00-12.00.","https://www.infrastruktura-bled.si/",,
"DORNAVA","Javne službe Ptuj","zbirni center, naročilo",0,"plačana zadnja položnica","CERO Gajke","Dornavska cesta 26, 2250 Ptuj","(1.4-31.10) pon-pet 8-20; 1.11-31.3) pon-pet 8-17, ","https://www.js-ptuj.si/odpadki/zbirni-center",,
"PTUJ","Javne službe Ptuj","zbirni center, naročilo",0,"plačana zadnja položnica","CERO Gajke","Dornavska cesta 26, 2250 Ptuj","(1.4-31.10) pon-pet 8-20; 1.11-31.3) pon-pet 8-17, ","https://www.js-ptuj.si/odpadki/zbirni-center",,
"ILIRSKA BISTRICA","Javno podjetje komunala Ilirska Bistrica","Zbirni center, naročilo, akcija",0,"Plačan zadnji račun komunalnih storitev.","ZC Ilirska bistrica","Prešernova 7, 6250 Ilirska Bistrica","po, sre, pet: 7-15, tor, čet: 12-18, sob: 8-12","http://www.kp-ilb.si/obrazci/splet2.pdf",,
"DRAVOGRAD","JKP Dravograd","Zbirni center, akcija",0,"n/a","Otiški vrh","Otiški Vrh 0 N, 2370 Dravograd","pon-pet 8-15, tor 8-17; 1. sob 9-12. 3. sob (mar, apr, maj) 9-12","http://jkp-dravograd.si/obvestila/zbirni-center-otiski-vrh-obratovalni-cas",,
"DOBREPOLJE","JKP Grosuplje","Zbirni center, naročilo, akcije",0,"n/a","CERO Špaja Dolina","Spodnje Blato 1, 1290 Grosuplje","15.3-14-11: pon-pet 7-19, sob 8-15; 15.11-14.3: pon-pet 7-16, sob 8-13","https://www.jkpg.si/cero-spaja-dolina-stranski-meni",,
"GROSUPLJE","JKP Grosuplje","Zbirni center, naročilo, akcije",0,"n/a","CERO Špaja Dolina","Spodnje Blato 1, 1290 Grosuplje","15.3-14-11: pon-pet 7-19, sob 8-15; 15.11-14.3: pon-pet 7-16, sob 8-13","https://www.jkpg.si/cero-spaja-dolina-stranski-meni",,
"IVANČNA GORICA","JKP Grosuplje","Zbirni center, naročilo, akcije",0,"n/a","CERO Špaja Dolina","Spodnje Blato 1, 1290 Grosuplje","15.3-14-11: pon-pet 7-19, sob 8-15; 15.11-14.3: pon-pet 7-16, sob 8-13","https://www.jkpg.si/cero-spaja-dolina-stranski-meni",,
"JESENICE","JKP JEKO d.o.o.","Zbirni center, naročilo",0,"predložitev položnice o plačanih komunalnih storitvah","ZC Jesenice","Cesta Franceta Prešerna 13, 4270 Jesenice","pon 8-17, tor-pet: 8-15, sob 8-13","http://www.jeko.si/en/ravnanje-z-odpadki",,
"ŽIROVNICA","JKP JEKO d.o.o.","Zbirni center, naročilo",0,"predložitev položnice o plačanih komunalnih storitvah","ZC Žirovnica","v poslovni coni Žirovnica","pon 8-13, sre 14-19, sob 8-14","https://zirovnica.si/zbirni-center-zirovnica-odprt/",,
"ČRNA NA KOROŠKEM","JKP Log","Zbirni center, akcija",0,"identifikacija z odrezkom komunalnih storitev","ZC Lokovica","Lokovica 7 X, 2391 Prevalje","(1.4-31.10) pon 8-18, tor-pet 8-15, 1. in 3. sob: 9-12; (1.11-31.3) pon-pet 8-15, 1. in 3. sob 9-12","http://www.jkp-log.si/o-podjetju/delovni-cas.html",,
"MEŽICA","JKP Log","Zbirni center, akcija",0,"identifikacija z odrezkom komunalnih storitev","ZC Lokovica","Lokovica 7 X, 2391 Prevalje","(1.4-31.10) pon 8-18, tor-pet 8-15, 1. in 3. sob: 9-12; (1.11-31.3) pon-pet 8-15, 1. in 3. sob 9-12","http://www.jkp-log.si/o-podjetju/delovni-cas.html",,
"PREVALJE","JKP Log","Zbirni center, akcija",0,"identifikacija z odrezkom komunalnih storitev","ZC Lokovica","Lokovica 7 X, 2391 Prevalje","(1.4-31.10) pon 8-18, tor-pet 8-15, 1. in 3. sob: 9-12; (1.11-31.3) pon-pet 8-15, 1. in 3. sob 9-12","http://www.jkp-log.si/o-podjetju/delovni-cas.html",,
"RAVNE NA KOROŠKEM","JKP Log","Zbirni center, akcija",0,"identifikacija z odrezkom komunalnih storitev","ZC Lokovica","Lokovica 7 X, 2391 Prevalje","(1.4-31.10) pon 8-18, tor-pet 8-15, 1. in 3. sob: 9-12; (1.11-31.3) pon-pet 8-15, 1. in 3. sob 9-12","http://www.jkp-log.si/o-podjetju/delovni-cas.html",,
"MUTA","JKP Radlje ob Dravi","Zbirni center, akcija",0,"NE","ZC Radlje","Mariborska cesta, 2360 Radlje ob Dravi","pon-pet 8-15, tor 8-17, sob 8-12","http://www.jkp-radlje.si/delovni_cas_zbirnih_centrov",,
"PODVELKA","JKP Radlje ob Dravi","Zbirni center, akcija",0,"NE","ZC Radlje","Mariborska cesta, 2360 Radlje ob Dravi","pon-pet 8-15, tor 8-17, sob 8-12","http://www.jkp-radlje.si/delovni_cas_zbirnih_centrov",,
"RADLJE OB DRAVI","JKP Radlje ob Dravi","Zbirni center, akcija",0,"NE","ZC Radlje","Mariborska cesta, 2360 Radlje ob Dravi","pon-pet 8-15, tor 8-17, sob 8-12","http://www.jkp-radlje.si/delovni_cas_zbirnih_centrov",,
"RIBNICA NA POHORJU","JKP Radlje ob Dravi","Zbirni center, akcija",0,"NE","ZC Radlje","Mariborska cesta, 2360 Radlje ob Dravi","pon-pet 8-15, tor 8-17, sob 8-12","http://www.jkp-radlje.si/delovni_cas_zbirnih_centrov",,
"VUZENICA","JKP Radlje ob Dravi","Zbirni center, akcija",0,"NE","ZC Radlje","Mariborska cesta, 2360 Radlje ob Dravi","pon-pet 8-15, tor 8-17, sob 8-12","http://www.jkp-radlje.si/delovni_cas_zbirnih_centrov",,
"SLOVENSKE KONJICE","JKP Slovenske Konjice","Zbirni center, naročilo",0,"identifikacija z odrezkom","CERO Slovenske Konjice","Prežigal 9, Slovenske Konjice","pon, tor, čet, pet: 7-15, sre: 7-17, sob 7-12","https://www.jkp-konjice.si/objave/255",,
"CERKNICA","JP Komunala Cerknica","Zbirni center, naročilo",0,"plačane komunalne storitve","ZC Cerknica","Notranjska cesta 44, 1380 Cerknica (po glavn cesti mimo upravne stavbe, pri soseski Za mlinom desno)","tor: poleti 12-18 in pozimi 11-17, sre, čet, pet 8-15, sob 8-12","http://www.komunala-cerknica.si/dejavnosti/zbirni-center/",,
"LOŠKA DOLINA","JP Komunala Cerknica","Zbirni center, naročilo",0,"plačane komunalne storitve","ZC Cerknica","Notranjska cesta 44, 1380 Cerknica (po glavn cesti mimo upravne stavbe, pri soseski Za mlinom desno)","tor: poleti 12-18 in pozimi 11-17, sre, čet, pet 8-15, sob 8-12","http://www.komunala-cerknica.si/dejavnosti/zbirni-center/",,
"MOZIRJE","JP Komunala Mozirje","Zbirni center",0,"odrezek zadnje položnice komunalnih storitev","ZC Loke pri Mozirju","glejte sliko v povezavi","pon-pet 7-15; sob 8-12","http://komunala-mozirje.si/wp-content/uploads/ZBIRNI-CENTER-MOZIRJE-1.pdf",,
"REČICA OB SAVINJI","JP Komunala Mozirje","Zbirni center",0,"odrezek zadnje položnice komunalnih storitev","ZC Loke pri Mozirju","glejte sliko v povezavi","pon-pet 7-15; sob 8-12","http://komunala-mozirje.si/wp-content/uploads/ZBIRNI-CENTER-MOZIRJE-1.pdf",,
"RADEČE","JPK Radeče","Zbirni center, akcija",0,"dokazilo o plačanih komunalnih storitvah","ZC Hotemež","Hotemež 27, 1433 Radeče","sre 10-14, sob 8-12","http://www.komunala-radece.si/wp-content/uploads/2014/06/Gospodarjenje-z-gospodinjskimi-komunalnimi-odpadki.doc",,
"BOHINJ","Komunala Bohinj","Zbirni center, naročilo",0,"Ni podatka.","ZC","za Režijskim obratom v Bohinjski Bistrici","Poleti - pon: 7-18, sre: 7-18, sob: 7-12 Pozimi: pon 7-16, sre: 7-16, sob: 8-12","https://obcina.bohinj.si/objava/111745",,
"BREŽICE","Komunala Brežice","Zbirni center, naročilo",0,"NE","ZRC Boršt","400 m iz naselja Krška vas na desno (smer Cerklje ob Krki)","pon-pet 7-19, (1.11 - 28.2) 7-17, sob 8-13","https://www.komunala-brezice.si/zbirno-reciklazni-center-borst",,
"ČRNOMELJ","Komunala Črnomelj","Zbirni center, naročilo",0,"identifikacija","ZC Vranoviči","ob odlagališču Vranoviči","pon-pet 9-14 in 15-17, sob 8-13","http://www.komunala-crnomelj.si/clanek1.asp?nm_tbl_cate.id=19&id=10&n=Podcenter%20za%20ravnanje%20z%20odpadki",,
"SEMIČ","Komunala Črnomelj","Zbirni center, naročilo",0,"identifikacija","ZC Semič","Šolska ulica 10, 8333 Semič","pon-pet 9-17, sob 9-13","http://www.komunala-crnomelj.si/clanek1.asp?nm_tbl_cate.id=19&id=10&n=Podcenter%20za%20ravnanje%20z%20odpadki",,
"CERKNO","Komunala Idrija","Zbirni center, naročilo",0,"plačane komunalne storitve","ZC Cerkno","lokacija čistilne naprave Cerkno","čet: 11-14, sob: 7-10","http://www.cerkno.si/javni-zavodi-in-sluzbe/ravnanje-z-odpadki/zbirni-center-cerkno/",,
"IDRIJA","Komunala Idrija","Zbirni center, naročilo",0,"plačane komunalne storitve","ZC Ljubevč","Partizanska ulica, 5280 Idrija","pon, tor, čet, pet 7-15, sre 7-19, sob 7-11; pozimi v sre 7-16","http://www.cerkno.si/javni-zavodi-in-sluzbe/ravnanje-z-odpadki/zbirni-center-cerkno/",,
"IZOLA","Komunala Izola","Zbirni center, naročilo",0,"občani z zadnjim odrezkom plačila komunalnih storitev","ZC Izola","Industrijska cesta 8, 6310 Izola","pon-pet: 8-17, sob: 9-12","https://www.komunala-izola.si/jom3/index.php/sl/dejavnosti/odlagalisce-in-zbirni-center",,
"KOČEVJE","Komunala Kočevje","Zbirni center, naročilo",0,"plačane komunalne storitve","ZC Mozelj","ob glavni cesti Kočevje– Livold– Stari trg ob Kolpi pri Črnomlju","poleti: pon-pet 7-19; pozimi: pon-pet 7-17; sob 9-13","http://www.komunala-kocevje.si/kolaz/zbirni-center-mozelj/",,
"KOSTEL","Komunala Kočevje","Zbirni center, naročilo",0,"plačane komunalne storitve","ZC Mozelj","ob glavni cesti Kočevje– Livold– Stari trg ob Kolpi pri Črnomlju","poleti: pon-pet 7-19; pozimi: pon-pet 7-17; sob 9-13","http://www.komunala-kocevje.si/kolaz/zbirni-center-mozelj/",,
"JEZERSKO","Komunala Kranj","Zbirni center, naročilo",1,"do 3 m3 1x na mesec ob predložitvi osebnega dokumenta in plačane položnice za komunalne storitve","ZC Remont","4206 Zgornje Jezersko","pon: 18-19.30, pet 16-19; jun-avg pon 18-19.30, pet 18-21","https://www.komunala-kranj.si/zbirni-centri",,
"KRANJ","Komunala Kranj","Zbirni center, naročilo",1,"do 3 m3 1x na mesec ob predložitvi osebnega dokumenta in plačane položnice za komunalne storitve","ZC Tenetiše","Tenetiše, 4000 Kranj","pon-pet 13-19, sob 8-12; pozimi pon-pet 12-18","https://www.komunala-kranj.si/zbirni-centri",,
"NAKLO","Komunala Kranj","Zbirni center, naročilo",1,"do 3 m3 1x na mesec ob predložitvi osebnega dokumenta in plačane položnice za komunalne storitve","ZC Naklo","v Industrijski coni Naklo, in sicer poleg Dinosa, južno od kompleksa Merkur, z uvozom na Cesto na Okroglo Naklo.","tor 15-19, čet 16-20, sob 8-12; pozimi: tor 9-12, čet 14-17, sob 9-12","https://www.komunala-kranj.si/zbirni-centri",,
"PREDDVOR","Komunala Kranj","Zbirni center, naročilo",1,"do 3 m3 1x na mesec ob predložitvi osebnega dokumenta in plačane položnice za komunalne storitve","ZC Tenetiše","Tenetiše, 4000 Kranj","pon-pet 13-19, sob 8-12; pozimi pon-pet 12-18","https://www.komunala-kranj.si/zbirni-centri",,
"ŠENČUR","Komunala Kranj","Zbirni center, naročilo",1,"do 3 m3 1x na mesec ob predložitvi osebnega dokumenta in plačane položnice za komunalne storitve","ZC Šenčur","Nahaja se na koncu Šenčurja, ob Velesovski cesti,","tor 13-20, pet 13-20, sob 8-13; pozimi: tor 12-19, pet 12-19, sob 8-13","https://www.sencur.si/informacije/zbirni-center-sencur/",,
"KRANJSKA GORA","Komunala Kranjska Gora","Zbirni center, naročilo, akcija",0,"identifikacija","ZC Tabre","Spodnje rute 50, 4282 Gozd Martuljek","pon 7-15, tor-pet 11-17, sob 8-12","https://www.komunala-kg.si/dejavnosti/odpadki",,
"LAŠKO","Komunala Laško","zbirni center, naročilo",1,"do 2x 1m3 v ZC ob predložitvi plačane položnice","ZC Strensko","Modrič 6, 3270 Laško","sre: 13-17, sob 8-12","https://www.komunala-lasko.si/sl/dejavnosti/ravnanje-z-odpadki",,
"METLIKA","Komunala Metlika","zbirni center, akcija",1,"1x mesečno do 3m3 brezplačno","ZC Bočka","Ni podatka.","(1.4-31.10) pon-pet 8-18; (1.11-31.3) pon-pet 8-16; sob 8-13","http://www.komunala-metlika.si/odpadki/zbirni-center/",,
"BRDA","Komunala Nova Gorica","Zbirni center",0,"Identifikacija z osebnim dokumentom in potrdilom o poravnanih obveznostih","ZC Brda","Dobrovem nasproti Gasilskega doma, Trg 25. maja, 5212
Dobrovo","tor: 10-12, čet: 14.30-18, sob: 7-10","https://www.obcina-brda.si/obcina_brda/odvoz_odpadkov/zbirni_centri/",,
"KANAL OB SOČI","Komunala Nova Gorica","Zbirni center",0,"Identifikacija z osebnim dokumentom in potrdilom o poravnanih obveznostih","ZC Bodrež","Ni podatka.","tor: 14-17, sob: 7.30-9.30","https://www.komunala-ng.si/zbiranje_in_odvoz_odpadkov/zbirni_centri/2012053012473852/",,
"MIREN - KOSTANJEVICA","Komunala Nova Gorica","Zbirni center",0,"Identifikacija z osebnim dokumentom in potrdilom o poravnanih obveznostih","ZC Miren","Ni podatka.","sre:14-17, pet:10-12.30, sob:7-10","https://www.komunala-ng.si/zbiranje_in_odvoz_odpadkov/zbirni_centri/2012053012482612/",,
"NOVA GORICA","Komunala Nova Gorica","Zbirni center, naročilo, akcija",0,"Identifikacija z osebnim dokumentom in potrdilom o poravnanih obveznostih","ZC CERO Nova Gorica","Ulica partizanske tehnike 6, Nova Gorica (v Stari Gorici)","pon-pet: 9-17, sob: 8-13","https://www.komunala-ng.si/zbirni_center_cero/",,
"RENČE - VOGRSKO","Komunala Nova Gorica","Zbirni center, naročilo, akcija",0,"Identifikacija z osebnim dokumentom in potrdilom o poravnanih obveznostih","ZC Renče-Vogrsko","Ni podatka.","pon:10-12, sre:14-17, sob:7-10","https://komunala-ng.si/zbiranje_in_odvoz_odpadkov/zbirni_centri/2012053012402779/",,
"ŠEMPETER - VRTOJBA","Komunala Nova Gorica","Zbirni center",0,"Identifikacija z osebnim dokumentom in potrdilom o poravnanih obveznostih","ZC Šempeter-Vrtojba","Industrijska cona Lavžnik","pon: 7-9.30, pet: 14.30-17, sob: 7-10","https://www.komunala-ng.si/zbiranje_in_odvoz_odpadkov/zbirni_centri/2012053012495144/",,
"DOLENJSKE TOPLICE","Komunala Novo mesto","Zbirni center, naročilo",0,"Ni pogojev.","ZRC Novo Mesto","Podbevškova 12, Novo mesto","(nov-feb) pon-pet: 8-17;(mar-okt) pon-pet 8-18); sob 8-12
","https://www.komunala-nm.si/Novice/ArtMID/502/ArticleID/2756/Obratovalni-%c4%8das-zbirno-recikla%c5%benih-centrov",,
"MIRNA PEČ","Komunala Novo mesto","Zbirni center, naročilo",0,"Ni pogojev.","ZRC Novo Mesto","Podbevškova 12, Novo mesto","(nov-feb) pon-pet: 8-17;(mar-okt) pon-pet 8-18); sob 8-12
","https://www.komunala-nm.si/Novice/ArtMID/502/ArticleID/2756/Obratovalni-%c4%8das-zbirno-recikla%c5%benih-centrov",,
"NOVO MESTO","Komunala Novo mesto","Zbirni center, naročilo",0,"Ni pogojev.","ZRC Novo Mesto","Podbevškova 12, Novo mesto","(nov-feb) pon-pet: 8-17;(mar-okt) pon-pet 8-18); sob 8-12
","https://www.komunala-nm.si/Novice/ArtMID/502/ArticleID/2756/Obratovalni-%c4%8das-zbirno-recikla%c5%benih-centrov",,
"STRAŽA","Komunala Novo mesto","Zbirni center, naročilo",0,"Ni pogojev.","ZRC Novo Mesto","Podbevškova 12, Novo mesto","(nov-feb) pon-pet: 8-17;(mar-okt) pon-pet 8-18); sob 8-12
","https://www.komunala-nm.si/Novice/ArtMID/502/ArticleID/2756/Obratovalni-%c4%8das-zbirno-recikla%c5%benih-centrov",,
"ŠENTJERNEJ","Komunala Novo Mesto","Zbirni center, naročilo",0,"Ni pogojev.","ZC Šentjernej","Šmalčja vas","(okt-mar): pon-pet 11-16; (apr-sep) pon-pet 9-17; sob 8-12","https://www.komunala-nm.si/Novice/ArtMID/502/ArticleID/2756/Obratovalni-%c4%8das-zbirno-recikla%c5%benih-centrov",,
"ŠKOCJAN","Komunala Novo mesto","Zbirni center, naročilo",0,"Ni pogojev.","ZRC Novo Mesto","Podbevškova 12, Novo mesto","(nov-feb) pon-pet: 8-17;(mar-okt) pon-pet 8-18); sob 8-12
","https://www.komunala-nm.si/Novice/ArtMID/502/ArticleID/2756/Obratovalni-%c4%8das-zbirno-recikla%c5%benih-centrov",,
"ŠMARJEŠKE TOPLICE","Komunala Novo mesto","Zbirni center, naročilo",0,"Ni pogojev.","ZRC Novo Mesto","Podbevškova 12, Novo mesto","(nov-feb) pon-pet: 8-17;(mar-okt) pon-pet 8-18); sob 8-12
","https://www.komunala-nm.si/Novice/ArtMID/502/ArticleID/2756/Obratovalni-%c4%8das-zbirno-recikla%c5%benih-centrov",,
"ŽUŽEMBERK","Komunala Novo mesto","Zbirni center, naročilo",0,"Ni pogojev.","ZRC Žužemberk","V neposredni bližini žužemberške čistilne naprave v opuščenem kamnolomu.","sre 7-17, prv sob. v mesecu: 8-12","http://www.zuzemberk.si/data/OBVESTILO%20o%20delovanju%20ZRC.pdf",,
"GORIŠNICA","Komunala Ptuj","Zbirni center, naročilo",1,"osebni dokument ali odrezek o plačilu storitev, do 500 kg / teden","ZC Gorišnica","n/a","sre: 10-17, pet 10-15, sob 8-11","http://www.komunala-ptuj.si/download/odpadki_2/urniki_odvozov/TERMINSKI-PLAN-PO-NASELJIH-GORISNICA-2019-CUNKOVCI-ZAGOJICI-GORISNICA-TIBOLCI-ZAMUSANI-BRESNICA.pdf",,
"HAJDINA","Komunala Ptuj","Zbirni center, naročilo",1,"osebni dokument ali odrezek o plačilu storitev, do 500 kg / teden","ZC Hajdina","pri pokošališču","pon 13-16, sre 10-17, vsako zadnjo sob. v mesecu: 8-11","https://www.hajdina.si/novica/75945",,
"JURŠINCI","Komunala Ptuj","Zbirni center, naročilo",1,"osebni dokument ali odrezek o plačilu storitev, do 500 kg / teden","ZC Gorišnica","n/a","sre: 10-17, pet 10-15, sob 8-11","https://www.hajdina.si/novica/75945",,
"MARKOVCI","Komunala Ptuj","Zbirni center, naročilo",1,"osebni dokument ali odrezek o plačilu storitev, do 500 kg / teden","ZC Markovci","v Industrijski coni","(jan-jun): pon 9-12, sre 10-17, sob 9-11; (jun-dec) tor 12-16, sre 11-18, čet 8-11, pet 10-18, sob 8-12 (2x na mesec)","http://www.komunala-ptuj.si/download/odpadki_2/urniki_odvozov/TERMINSKI-PLAN-PO-NASELJIH-MARKOVCI-2019-NOVA-VAS-PRI-MARKOVCIH-BUKOVCI-STOJNCI.pdf",,
"GORNJA RADGONA","Komunala Radgona","Zbirni center",0,"identifikacija in odrezek o zadnjem plačilu storitev ravnanja z odpadki","ZC Gornja Radgona","Industrijska cona G. Radgona(naprej od poslovnih prostorov družbe M TRADE Gornja Radgona, d.o.o., Ljutomerska cesta in podjetja Reflex, d.o.o., Ljutomerska cesta).","poleti: sre: 13-17, sob 8-12, pozimi: sre 12-16, sob: 8-12","http://www.komunala-radgona.si/index.php/odvoz-odpadkov/zbirni-center-gornja-radgona",,
"RADOVLJICA","Komunala Radovljica","Zbirni center, naročilo",0,"odrezek plačanih komunalnih storitev","ZC Radovljica","Savska 28, Radovljica","pon, tor, čet, pet 8-16, sre: 8-18; sob: 8-12","https://www.komunala-radovljica.si/storitve/zbirni-center/79",,
"LOŠKI POTOK","Komunala Ribnica","zbirni center, naročilo",0,"identifikacija","ZC Goriča vas","Goriča vas 11A, 1310 Ribnica","(1.11-31.3) pon, sre, čet, pet: 7-15, tor: 9-17, sob 8-13; (1.4-31-10) pon, sre, čet, pet: 7-15, tor: 11-19, sob 8-13","http://www.komunala-ribnica.si/zbirni-center",,
"RIBNICA","Komunala Ribnica","zbirni center, naročilo",0,"identifikacija","ZC Goriča vas","Goriča vas 11A, 1310 Ribnica","(1.11-31.3) pon, sre, čet, pet: 7-15, tor: 9-17, sob 8-13; (1.4-31-10) pon, sre, čet, pet: 7-15, tor: 11-19, sob 8-13","http://www.komunala-ribnica.si/zbirni-center",,
"SODRAŽICA","Komunala Ribnica","zbirni center, naročilo",0,"identifikacija","ZC Goriča vas","Goriča vas 11A, 1310 Ribnica","(1.11-31.3) pon, sre, čet, pet: 7-15, tor: 9-17, sob 8-13; (1.4-31-10) pon, sre, čet, pet: 7-15, tor: 11-19, sob 8-13","http://www.komunala-ribnica.si/zbirni-center",,
"SEVNICA","Komunala Sevnica","Zbirni center, naročilo",1,"identifikacija z računom komunalnih storitev","ZC Sevnica","na križišču za Kmečko zadrugo Sevnica in Dalijo se usmeritenaravnost v smeri proti brvi čez Savo, nato pa zavijete desno na novo urejenocestodo objekta","pon, čet, pet 7-15; tor, sre: 10-17; 2. sob v mesecu: 8-12","https://www.komunala-sevnica.si/zbirni-center.html",,
"MISLINJA","Komunala Slovenj Gradec","Zbirni center, akcija",0,"NE","ZC Pameče","v podjetniški coni Pameče","pon, sre 8-18; tor, čet, pet: 8-15; sob 8-13","http://www.komusg.si/zbirna-centra-za-odpadke-pamece-dolze",,
"SLOVENJ GRADEC","Komunala Slovenj Gradec","Zbirni center, akcija",0,"NE","ZC Pameče","v podjetniški coni Pameče","pon, sre 8-18; tor, čet, pet: 8-15; sob 8-13","http://www.komusg.si/zbirna-centra-za-odpadke-pamece-dolze",,
"MAKOLE","Komunala Slovenska Bistrica","zbirni center, naročilo",1,"manjše količine 2x letno, identifikacija in predložena plačana položnica","ZC Pragersko","Travniška ulica, 2331 Pragersko","pon-sob 7-18","https://www.komunala-slb.si/odlagaliscaron269e-pragersko-in-zbirni-centri.html",,
"OPLOTNICA","Komunala Slovenska Bistrica","zbirni center, naročilo",1,"manjše količine 2x letno, identifikacija in predložena plačana položnica","ZC Pragersko","Travniška ulica, 2331 Pragersko","pon-sob 7-18","https://www.komunala-slb.si/odlagaliscaron269e-pragersko-in-zbirni-centri.html",,
"POLJČANE","Komunala Slovenska Bistrica","zbirni center, naročilo",1,"manjše količine 2x letno, identifikacija in predložena plačana položnica","ZC Pragersko","Travniška ulica, 2331 Pragersko","pon-sob 7-18","https://www.komunala-slb.si/odlagaliscaron269e-pragersko-in-zbirni-centri.html",,
"RAČE - FRAM","Komunala Slovenska Bistrica","zbirni center, naročilo",1,"manjše količine 2x letno, identifikacija in predložena plačana položnica","ZC Rače-Fram","ob gramoznici SCT na Cesti talcev v Račah","(poleti): sre 13-18, sob 8-13; (pozimi 1.11 - 15.3) sre 13-17, sob 9-13","http://www.race-fram.si/povezava.aspx?pid=483",,
"SLOVENSKA BISTRICA","Komunala Slovenska Bistrica","zbirni center, naročilo",1,"manjše količine 2x letno, identifikacija in predložena plačana položnica","ZC Pragersko","Travniška ulica, 2331 Pragersko","pon-sob 7-18","https://www.komunala-slb.si/odlagaliscaron269e-pragersko-in-zbirni-centri.html",,
"BOVEC","Komunala Tolmin","zbirni center, akcija",0,"n/a","ZC Bovec","pri čistilni napravi Bovec","tor: 13-15, sre 15-17, sob:10-12","http://www.komunala-tolmin.si/komunalni-odpadki/zbiranje-in-odlaganje/zbirni-centri/",,
"KOBARID","Komunala Tolmin","zbirni center, akcija",0,"n/a","ZC Kobarid","pri čistilni napravi Kobarid","tor: 13-15, sre 15-17, sob:12.30-15","http://www.komunala-tolmin.si/komunalni-odpadki/zbiranje-in-odlaganje/zbirni-centri/",,
"TOLMIN","Komunala Tolmin","zbirni center, akcija",0,"n/a","ZC Tolmin","nasproti pokopališča v naselju Volče","tor: 7-15, sre 7-17, sob:8-12","http://www.komunala-tolmin.si/komunalni-odpadki/zbiranje-in-odlaganje/zbirni-centri/",,
"TRBOVLJE","Komunala Trbovlje","Zbirni center, naročilo",0,"NE","ZC Neža","Neža 39a, 1420 Trbovlje","pon-pet: 7-15, sob 9-13","http://www.komunala-trbovlje.si/odpadki/odvozi",,
"MIRNA","Komunala Trebnje","Zbirni center, naročilo",0,"NE","ZC Globoko","Hudeje 40, 8210 Trebnje","pon-pet 7-18, sob 8-12","https://odpiralnicasi.com/spots/komunala-trebnje-zc-globoko-trebnje-hudeje-75396b65dd",,
"MOKRONOG - TREBELNO","Komunala Trebnje","Zbirni center, naročilo",0,"NE","ZC Globoko","Hudeje 40, 8210 Trebnje","pon-pet 7-18, sob 8-12","https://odpiralnicasi.com/spots/komunala-trebnje-zc-globoko-trebnje-hudeje-75396b65dd",,
"ŠENTRUPERT","Komunala Trebnje","Zbirni center, naročilo",0,"NE","ZC Globoko","Hudeje 40, 8210 Trebnje","pon-pet 7-18, sob 8-12","https://odpiralnicasi.com/spots/komunala-trebnje-zc-globoko-trebnje-hudeje-75396b65dd",,
"TREBNJE","Komunala Trebnje","Zbirni center, naročilo",0,"NE","ZC Globoko","Hudeje 40, 8210 Trebnje","pon-pet 7-18, sob 8-12","https://odpiralnicasi.com/spots/komunala-trebnje-zc-globoko-trebnje-hudeje-75396b65dd",,
"TRŽIČ","Komunala Tržič","zbirni center, naročilo, akcije",1,"do 4m3/leto na gospodinjstvo","ZC Kovor","V industrijski coni Mlaka.","pon-pet 7-17, sob 7-13","http://www.komunala-trzic.si/storitve/ravnanje-z-odpadki/odlagalisce-zbirni-center-kovor",,
"ZAGORJE OB SAVI","Komunala Zagorje","Zbirni center, naročilo",0,"NE","ZC ob Savi","Solenja vas, 1410 Zagorje ob Savi","pon 10-14, sre 14-18, pet 10-14","n/a",,
"KOSTANJEVICA NA KRKI","Kostak","zbirni center, naročilo",0,"z odrezkom komunalnih storitev","CERO Spodnji Stari Grad","Spodnji Stari Grad 29, 8270 Krško","pon-pet: mar-okt 7-19, nov-feb 7-18; sob 7-15","https://www.kostak.si/ravnanje-z-odpadki.html",,
"KRŠKO","Kostak","zbirni center, naročilo",0,"z odrezkom komunalnih storitev","CERO Spodnji Stari Grad","Spodnji Stari Grad 29, 8270 Krško","pon-pet: mar-okt 7-19, nov-feb 7-18; sob 7-15","https://www.kostak.si/ravnanje-z-odpadki.html",,
"LOGATEC","KP Logatec","Zbirni center, naročilnica",0,"identifikacija z odrezkom zadnje položnice","ZC Ostri vrh","n/a","ponedeljek, sreda, četrtek, petek: od 6.30 do 14.30, sob: 7-12, torek: od 6.30 do 17.00 (od 1.aprila do 31.oktobra); 6.30 do 14.30 (od 1.novembra do 31.marca)","http://www.kp-logatec.si/2014/komunalna_dejavnost.php?IDM=5&IDPM=60&IDPPX=12",,
"ORMOŽ","KP Ormož","zbirni center, naročilo",0,"plačana zadnja položnica","ZC Dobrava","ob odlagališču nenevarnih odpadkov Dobrava – Ormož.","pon-pet: 7-16, sob 7-12","http://www.kp-ormoz.si/?page_id=249",,
"SREDIŠČE OB DRAVI","KP Ormož","zbirni center, naročilo",0,"plačana zadnja položnica","ZC Dobrava","ob odlagališču nenevarnih odpadkov Dobrava – Ormož.","pon-pet: 7-16, sob 7-12","http://www.kp-ormoz.si/?page_id=249",,
"SVETI TOMAŽ","KP Ormož","zbirni center, naročilo",0,"plačana zadnja položnica","ZC Dobrava","ob odlagališču nenevarnih odpadkov Dobrava – Ormož.","pon-pet: 7-16, sob 7-12","http://www.kp-ormoz.si/?page_id=249",,
"BOROVNICA","KP Vrhnika","Zbirni center, naročilo",0,"Podatki o odjemnem mestu uporabnika.","ZC","Na dvorišču JP KPV","pon, tor, čet pet: 8-14, sre:8-17, sob: 8-14","http://www.kpv.si/dejavnosti/ravnanje-z-odpadki/zbirni-center",,
"LOG - DRAGOMER","KP Vrhnika","Zbirni Center, Naročilo",0,"Podatki o odjemnem mestu uporabnika.","ZC","Na dvorišču JP KPV","pon, tor, čet pet: 8-14, sre:8-17, sob: 8-14","http://www.kpv.si/dejavnosti/ravnanje-z-odpadki/zbirni-center",,
"VRHNIKA","KP Vrhnika","Zbirni Center, Naročilo",0,"Podatki o odjemnem mestu uporabnika.","ZC","Na dvorišču JP KPV","pon, tor, čet pet: 8-14, sre:8-17, sob: 8-14","http://www.kpv.si/dejavnosti/ravnanje-z-odpadki/zbirni-center",,
"AJDOVŠČINA","KSD Ajdovščina","Zbirni center, naročilo",0,"identifikacija","CERO Ajdovščina","pod Dolgo Poljano","pon: 7-17, tor, sre, čet: 7-15, pet 7-19 (apr-okt) oz 7-17 (nov-mar), sob 8-12","http://www.ksda.si/dejavnosti/odpadki/center-za-ravnanje-z-odpadki-cero/zbirni-center",,
"VIPAVA","KSD Ajdovščina","Zbirni center, naročilo",0,"identifikacija","CERO Ajdovščina","pod Dolgo Poljano","pon: 7-17, tor, sre, čet: 7-15, pet 7-19 (apr-okt) oz 7-17 (nov-mar), sob 8-12","http://www.ksda.si/dejavnosti/odpadki/center-za-ravnanje-z-odpadki-cero/zbirni-center",,
"HRASTNIK","KSP Hrastnik","zbirni center, naročilo",0,"identifikacija z odrezkom računa.","CEROZ Unično","Brdce 41 b, 1431 Dol pri Hrastniku","pon-pet 6-18, sob 7-12","https://www.ksphrastnik.si/dejavnosti/odpadki.html",,
"LITIJA","KSP Litija d.o.o.","Zbirni center, naročilo",0,"Identifikacija z odrezkom komunalnih storitev ali osebnim dokumentom.","ZC Litija","Ponoviška cesta 15, 1270 Litija","pon 8-12, sre 13-17, pet 12-16","http://www.ksp-litija.si/?p=1095",,
"ŠMARTNO PRI LITIJI","KSP Litija d.o.o.","Zbirni center, naročilo",0,"Identifikacija z odrezkom komunalnih storitev ali osebnim dokumentom.","ZC Šmartno pri Litiji","Grumova 6 a, 1275 Šmartno","tor 8-12, čet 12-16, sob 8-12","http://www.ksp-litija.si/?p=1095",,
"APAČE","KSP Ljutomer","Zbirni center, naročilo",0,"zadnji odrezek komunalnih storitev","ZC Apače","Črnci– pri žagi, za tovarno TMK (parcelna številka 159/2,
k.o. Črnci).","pet 12-16, sob 8-12","http://www.ksp-ljutomer.si/index.php/zbirni-center-ljutomer",,
"KRIŽEVCI","KSP Ljutomer","Zbirni center, naročilo",0,"zadnji odrezek komunalnih storitev","ZC Ljutomer","http://www.ksp-ljutomer.si/uploads/ZC_ljutomer___spletna_stran.docx","pon, tor, čet, pet 7-15, sre: 7-17, sob 8-12","http://www.ksp-ljutomer.si/index.php/zbirni-center-ljutomer",,
"LJUTOMER","KSP Ljutomer","Zbirni center, naročilo",0,"zadnji odrezek komunalnih storitev","ZC Ljutomer","http://www.ksp-ljutomer.si/uploads/ZC_ljutomer___spletna_stran.docx","pon, tor, čet, pet 7-15, sre: 7-17, sob 8-12","http://www.ksp-ljutomer.si/index.php/zbirni-center-ljutomer",,
"RAZKRIŽJE","KSP Ljutomer","Zbirni center, naročilo",0,"zadnji odrezek komunalnih storitev","ZC Ljutomer","http://www.ksp-ljutomer.si/uploads/ZC_ljutomer___spletna_stran.docx","pon, tor, čet, pet 7-15, sre: 7-17, sob 8-12","http://www.ksp-ljutomer.si/index.php/zbirni-center-ljutomer",,
"VERŽEJ","KSP Ljutomer","Zbirni center, naročilo",0,"zadnji odrezek komunalnih storitev","ZC Ljutomer","http://www.ksp-ljutomer.si/uploads/ZC_ljutomer___spletna_stran.docx","pon, tor, čet, pet 7-15, sre: 7-17, sob 8-12","http://www.ksp-ljutomer.si/index.php/zbirni-center-ljutomer",,
"DIVAČA","KSP Sežana","Zbirni center, naročilo",0,"uporabniki, ki so vključeni v organiziran odvoz odpadkov in že plačujejo storitev odvoza odpadkov","ZC Divača","pri Komunalni čistilni napravi Divača, pod športnimi igrišči","pon: 14-17, sre: 9-13, 2. in 4. sob: 9-13","http://www.ksp-sezana.si/ravnanje-z-odpadki/zbirni-center-za-individualni-dovoz-odpadkov/divaca/",,
"HRPELJE - KOZINA","KSP Sežana","Zbirni center, naročilo",0,"uporabniki, ki so vključeni v organiziran odvoz odpadkov in že plačujejo storitev odvoza odpadkov","ZC Hrpelje-Kozina","Na začetku OIC Hrpelje, ulica Ob dolu","tor: 14-17, čet: 9-13, 1. in 3. sob: 9-13","http://www.ksp-sezana.si/ravnanje-z-odpadki/zbirni-center-za-individualni-dovoz-odpadkov/hrpelje-kozina/",,
"KOMEN","KSP Sežana","Zbirni center, naročilo",0,"uporabniki, ki so vključeni v organiziran odvoz odpadkov in že plačujejo storitev odvoza odpadkov","ZC Komen","Na koncu Komna, cesta za Volčji Grad","tor:9-13, čet 14-17, sob: 9-13","http://www.ksp-sezana.si/ravnanje-z-odpadki/zbirni-center-za-individualni-dovoz-odpadkov/komen/",,
"SEŽANA","KSP Sežana","Zbirni center, naročilo",0,"uporabniki, ki so vključeni v organiziran odvoz odpadkov in že plačujejo storitev odvoza odpadkov","CERO Sežana","2 km iz Sežane v smeri Vrhovelj","poleti: pon-pet 6-19, sob 8-13; pozimi: pon-pet 7-16, sob 8-13","http://www.ksp-sezana.si/ravnanje-z-odpadki/center-za-ravnanje-z-odpadki/sezana/",,
"ŠKOFJA LOKA","Loška komunala","Zbirni center, naročilo",0,"NE","ZC Draga","Draga, 4220 Škofja Loka","pon, tor, čet, pet: 7-15; sre: 7-19; sob 8-13","http://www.loska-komunala.si/images/stories/dokumenti/odpadki/Letni_program_%C5%A0kofja_Loka_2019.pdf",,
"ŽELEZNIKI","Loška komunala","Zbirni center, akcija",0,"NE","ZC Studeno","Studeno 19, 4228 Železniki","tor, čet 15-19, sob 8-12","http://www.loska-komunala.si/images/stories/dokumenti/odpadki/ZC-Studeno.pdf",,
"ANKARAN","Marjetica Koper","Zbirni center, naročilo",0,"DA - identifikacija z odrezkom komunalnih storitev","Sermin","Železniška cesta 10","pon-pet 6-18, sob 7-15","https://www.marjeticakoper.si/sl/dejavnosti/ravnanje-z-odpadki/zbirni-centri/",,
"KOPER","Marjetica Koper","Zbirni center, naročilo",0,"DA - identifikacija z odrezkom komunalnih storitev","Sermin","Železniška cesta 10","pon-pet 6-18, sob 7-15","https://www.marjeticakoper.si/sl/dejavnosti/ravnanje-z-odpadki/zbirni-centri/",,
"OSILNICA","Občina Osilnica (samostojno)","akcija",2,"Le ob akciji.","n/a","n/a","n/a","n/a",,
"PIRAN","Okolje Piran","Zbirni center, naročilo, akcija ",0,"predložitev plačanega računa prejšnjega meseca","ZC Dragonja","Sv. Peter, 6333 Sečovlje","pon-pet 6.00-17.00, sobota 7.00-12.00","http://okoljepiran.si/wp-content/uploads/2015/02/Navodila-za-lo%C4%8Devanje-odpadkov.pdf",,
"BISTRICA OB SOTLI","OKP Rogaška Slatina","zbirni center, naročilo",0,"Identifikacija s plačano položnico.","ZC","pri čistilni napravi v Polju pri Bistrici","1. in 3. sobota v mesecu 9-13","https://www.okp.si/index_jsnaga.php",,
"KOZJE","OKP Rogaška Slatina","zbirni center, naročilo",0,"Identifikacija s plačano položnico.","ZC Kozje","ob čistilni napravi","sre: 12-16, sob 9-13","https://kozjansko.info/2009/11/v-kozjem-odprli-zbirni-center-za-locene-odpadke/",,
"PODČETRTEK","OKP Rogaška Slatina","zbirni center, naročilo",0,"Identifikacija s plačano položnico.","ZC Pristava pri Mestinju","n/a","sre 12-16, sob 9-13","https://www.okp.si/index_jsnaga.php",,
"ROGAŠKA SLATINA","OKP Rogaška Slatina","zbirni center, naročilo",0,"Identifikacija s plačano položnico.","ZC Tuncovec","Tuncovec","pon-pet 8-16, sob 8-13","https://www.okp.si/index_jsnaga.php",,
"ROGATEC","OKP Rogaška Slatina","zbirni center, naročilo",0,"Identifikacija s plačano položnico.","ZC Rogatec","n/a","pet 12-16","https://www.okp.si/index_jsnaga.php",,
"ŠMARJE PRI JELŠAH","OKP Rogaška Slatina","zbirni center, naročilo",0,"Identifikacija s plačano položnico.","ZC Šmarje pri Jelšah","pri šmarski čistilni napravi","sre 12-16, sob 9-13","https://kozjansko.info/2010/12/v-smarju-dobili-zbirni-center-za-loceno-zbiranje-odpadkov/",,
"DOMŽALE","Prodnik","Zbirni center ALI akcija",0,"identifikacija","CRO Dob","v Gričevju Malenski boršt, 2 km južno od naselja Dob. Dostop je urejen po cesti mimo naselja Dob v smeri Gorjuše","Zimski: pon-pet 14-18, sobota 8-18; Letni: pon-pet14-20, sobota 8-20","http://www.prodnik.si/ravnanje-z-odpadki/center-za-ravnanje-z-odpadki-dob",,
"LUKOVICA","Prodnik","Zbirni center, akcija",0,"identifikacija","CRO Dob","v Gričevju Malenski boršt, 2 km južno od naselja Dob. Dostop je urejen po cesti mimo naselja Dob v smeri Gorjuše","Zimski: pon-pet 14-18, sobota 8-18; Letni: pon-pet14-20, sobota 8-20","http://www.prodnik.si/ravnanje-z-odpadki/center-za-ravnanje-z-odpadki-dob",,
"MENGEŠ","Prodnik","Zbirni center, akcija",0,"identifikacija","CRO Dob","v Gričevju Malenski boršt, 2 km južno od naselja Dob. Dostop je urejen po cesti mimo naselja Dob v smeri Gorjuše","Zimski: pon-pet 14-18, sobota 8-18; Letni: pon-pet14-20, sobota 8-20","http://www.prodnik.si/ravnanje-z-odpadki/center-za-ravnanje-z-odpadki-dob",,
"MORAVČE","Prodnik","Zbirni center, akcija",0,"identifikacija","CRO Dob","v Gričevju Malenski boršt, 2 km južno od naselja Dob. Dostop je urejen po cesti mimo naselja Dob v smeri Gorjuše","Zimski: pon-pet 14-18, sobota 8-18; Letni: pon-pet14-20, sobota 8-20","http://www.prodnik.si/ravnanje-z-odpadki/center-za-ravnanje-z-odpadki-dob",,
"TRZIN","Prodnik","Zbirni center, akcija",0,"identifikacija","CRO Dob","v Gričevju Malenski boršt, 2 km južno od naselja Dob. Dostop je urejen po cesti mimo naselja Dob v smeri Gorjuše","Zimski: pon-pet 14-18, sobota 8-18; Letni: pon-pet14-20, sobota 8-20","http://www.prodnik.si/ravnanje-z-odpadki/center-za-ravnanje-z-odpadki-dob",,
"KAMNIK","Publicus d.o.o.","Zbirni center, naročilo, kontejner",1,"osebni dokument in predložitev odrezka zadnjega računa. Do 2 avtomobilski prikolici letno brezplačno.","ZC Suhadole","Suhadole 101, 1218 Komenda","poleti (1.3-30.9): pon-pet 6-19; pozimi (1.10-28.2):6-16; sob: 8-13 ","http://www.publikus.si/vizitka-podjetja/",,
"KOMENDA","Publicus d.o.o.","Zbirni center, naročilo, kontejner",1,"osebni dokument in predložitev odrezka zadnjega računa. Do 2 avtomobilski prikolici letno brezplačno.","ZC Suhadole","Suhadole 101, 1218 Komenda","poleti (1.3-30.9): pon-pet 6-19; pozimi (1.10-28.2):6-16; sob: 8-13 ","http://www.publikus.si/vizitka-podjetja/",,
"PIVKA","Publicus d.o.o.","Zbirni center, naročilo, kontejner",1,"osebni dokument in predložitev odrezka zadnjega računa","ZC Pivka","Neverke 31a, 6256 Košana","pon, sre, pet, sob: 8-15; tor, čet: 12-18","http://www.publikus.si/vizitka-podjetja/",,
"POSTOJNA","Publicus d.o.o.","Zbirni center, naročilo, kontejner",1,"osebni dokument in predložitev odrezka zadnjega računa","ZC Postojna","ob odlagališču nenevarnih odpadkov Stara vas pri Postojni","pon-pet: 7-18, sob: 7-15","https://www.postojna.si/post/80320",,
"GORNJI GRAD","PUP Saubermacher","zbirni center, naročilo",0,"osebni dokument in predložitev odrezka zadnjega računa","ZC Podhom","ob bivšem odlagališču nenevarnih komunalnih odpadkov Gornji Grad (najbližji naslov ZC je Podhom 7, Gornji Grad). Na cesti Grušovlje-Homec je tudi tabla Zbirni center Podhom.","tor 8-15.30, čet: 10-17, prva sob. v mesecu: 8-12","http://www.pup-saubermacher.si/s/zbirni-centri/podhom/",,
"LJUBNO","PUP Saubermacher","zbirni center, naročilo",0,"osebni dokument in predložitev odrezka zadnjega računa","ZC Podhom","ob bivšem odlagališču nenevarnih komunalnih odpadkov Gornji Grad (najbližji naslov ZC je Podhom 7, Gornji Grad). Na cesti Grušovlje-Homec je tudi tabla Zbirni center Podhom.","tor 8-15.30, čet: 10-17, prva sob. v mesecu: 8-12","http://www.pup-saubermacher.si/s/zbirni-centri/podhom/",,
"LUČE","PUP Saubermacher","zbirni center, naročilo",0,"osebni dokument in predložitev odrezka zadnjega računa","ZC Podhom","ob bivšem odlagališču nenevarnih komunalnih odpadkov Gornji Grad (najbližji naslov ZC je Podhom 7, Gornji Grad). Na cesti Grušovlje-Homec je tudi tabla Zbirni center Podhom.","tor 8-15.30, čet: 10-17, prva sob. v mesecu: 8-12","http://www.pup-saubermacher.si/s/zbirni-centri/podhom/",,
"NAZARJE","PUP Saubermacher","zbirni center, naročilo",0,"osebni dokument in predložitev odrezka zadnjega računa","ZC Podhom","ob bivšem odlagališču nenevarnih komunalnih odpadkov Gornji Grad (najbližji naslov ZC je Podhom 7, Gornji Grad). Na cesti Grušovlje-Homec je tudi tabla Zbirni center Podhom.","tor 8-15.30, čet: 10-17, prva sob. v mesecu: 8-12","http://www.pup-saubermacher.si/s/zbirni-centri/podhom/",,
"SOLČAVA","PUP Saubermacher","zbirni center, naročilo",0,"osebni dokument in predložitev odrezka zadnjega računa","ZC Podhom","ob bivšem odlagališču nenevarnih komunalnih odpadkov Gornji Grad (najbližji naslov ZC je Podhom 7, Gornji Grad). Na cesti Grušovlje-Homec je tudi tabla Zbirni center Podhom.","tor 8-15.30, čet: 10-17, prva sob. v mesecu: 8-12","http://www.pup-saubermacher.si/s/zbirni-centri/podhom/",,
"ŠMARTNO OB PAKI","PUP Saubermacher","zbirni center, naročilo",0,"osebni dokument in predložitev odrezka zadnjega računa","ZM Šmartno ob Paki","ob pokopališču Šmartno ob Paki","1. in 3. sob v mesecu 9-12","http://www.pup-saubermacher.si/s/zbirni-centri/sostanj-1/",,
"ŠOŠTANJ","PUP Saubermacher","zbirni center, naročilo",0,"osebni dokument in predložitev odrezka zadnjega računa","ZM Šoštanj","ob bivši trgovini Era - za gasilskim domom Šoštanj","2. in 4. sob v mesecu 9-12","http://www.pup-saubermacher.si/s/zbirni-centri/sostanj-1/",,
"VELENJE","PUP Saubermacher","zbirni center, naročilo",0,"osebni dokument in predložitev odrezka zadnjega računa","ZC Velenje","ob Škalskem jezeru","(nov-feb)pon, sre, pet: 7-15, tor, čet: 7-16, sob 8-13; (mar-okt) pon-pet 7-18, sob 8-12","http://www.pup-saubermacher.si/s/zbirni-centri/velenje-1/",,
"BLOKE","Režijski obrat občine Bloke (V sodelovanju s Komunalo Ribnica)","Zbirni center, naročilo",0,"oddaja brezplačna. Identifikacija.","Mali log v Loškem potoku","za bencinskim servisom","sre: 15-17, sob 9-12","https://www.komunala-ribnica.si/zbirni-center",,
"GORENJA VAS - POLJANE","Režijski obrat Občine Goranja vas - Poljane",0,1,"Za več informacij si poglejte http://www.obcina-gvp.si/sl/content/za-obcane/zbiranje-gradbenih-odpadkov-in-azbestno-cementne-kritine.html.","ZC Todraž","Todraž, 4224 Gorenja vas","pon: 9-17, sre: 8-17, 2. sob 8-12","http://www.obcina-gvp.si/?lang=&option=news&news_id=835&tab0",,
"BELTINCI","Saubermacher Komunala","Zbirni center, naročilo",0,"oddaja je brezplačna, identificirajo se z odrezkom komunalnih storitev","ZC Beltinci","ob čistilni napravi v Beltincih","pon: 13.30-17.30, sre: 9.30-13-30, sob: 8-12","https://www.saubermacher-komunala.si/si/obcina/beltinci_2",,
"CANKOVA","Saubermacher Komunala","Zbirni center, naročilo",0,"oddaja je brezplačna, identificirajo se z odrezkom komunalnih storitev","ZC Cankova","ob čistilni napravi na Cankovi","sre (nov-mar): 15-17, (apr-okt) 15-18","http://www.cankova.si/sl/page.asp?id_informacija=510&id_language=1&id_meta_type=39",,
"ČRENŠOVCI","Saubermacher Komunala","Zbirni center, naročilo",0,"oddaja je brezplačna, identificirajo se z odrezkom komunalnih storitev","ZC Črenšovci","ob čistilni napravi v Srednji bistrici","pon: 11.00-13.30, čet: 14-16.30, 3. sob v mesecu: 9-11.30","https://www.saubermacher-komunala.si/si/zbirni-centri/zbirni-center-crensovci",,
"DOBROVNIK","Saubermacher Komunala","Zbirni center, naročilo",0,"oddaja je brezplačna, identificirajo se z odrezkom komunalnih storitev","ZC Dobrovnik/Dobrovnak","ob čistilni napravi v Dobrovnik/Dobrovnak","tor: 14.30-16, čet: 12-13.30, 4. sob v mesecu: 8.30-10","https://www.saubermacher-komunala.si/si/zbirni-centri/zbirni-center-dobrovnik",,
"GORNJI PETROVCI","Saubermacher Komunala","Zbirni center, naročilo",0,"oddaja je brezplačna, identificirajo se z odrezkom komunalnih storitev","ZC Šalovci","ob čistilni napravi v Šalovcih","sre:14-17, pet: 9-12, 1. sob v mesecu 9-11","https://www.saubermacher-komunala.si/si/obcina/salovci_2",,
"GRAD","Saubermacher Komunala","Zbirni center, naročilo",0,"oddaja je brezplačna, identificirajo se z odrezkom komunalnih storitev","ZC Vidonci","ob centru za tujce Vidonci","sre:15-17.30, pet: 8-12, 1. sob v mesecu 9-11","https://www.saubermacher-komunala.si/si/zbirni-centri/zbirni-center-vidonci",,
"HODOŠ","Saubermacher Komunala","Zbirni center, naročilo",0,"oddaja je brezplačna, identificirajo se z odrezkom komunalnih storitev","ZC Šalovci","ob čistilni napravi v Šalovcih","sre:14-17, pet: 9-12, 1. sob v mesecu 9-11","https://www.saubermacher-komunala.si/si/zbirni-centri/zbirni-center-salovci",,
"KOBILJE","Saubermacher Komunala","Zbirni center, naročilo",0,"oddaja je brezplačna, identificirajo se z odrezkom komunalnih storitev","ZC Kobilje","ob čistilni napravi v Kobilju","tor: 16.30-17.30, čet: 10.30 - 11.30, 1. sob v mesecu: 9-10","https://www.saubermacher-komunala.si/si/zbirni-centri/zbirni-center-kobilje",,
"KUZMA","Saubermacher Komunala","Zbirni center, naročilo",0,"oddaja je brezplačna, identificirajo se z odrezkom komunalnih storitev","ZC Cankova","ob čistilni napravi na Cankovi","sre (nov-mar): 15-17, (apr-okt) 15-18","http://www.cankova.si/sl/page.asp?id_informacija=510&id_language=1&id_meta_type=39",,
"MORAVSKE TOPLICE","Saubermacher Komunala","Zbirni center, naročilo",0,"oddaja je brezplačna, identificirajo se z odrezkom komunalnih storitev","ZC Fokovci","za stavbo kmetijske zadruge v Fokovcih","pon: 14.30-16.30, čet: 8-10, 1. sob v mesecu: 10.30-12.30","https://www.saubermacher-komunala.si/si/zbirni-centri/zbirni-center-fokovci",,
"MURSKA SOBOTA","Saubermacher Komunala","Zbirni center, naročilo",0,"oddaja je brezplačna, identificirajo se z odrezkom komunalnih storitev","ZC Murska Sobota","ob čistilni napravi v Beltincih","pon-pet 9-18, sob 8-14","https://www.saubermacher-komunala.si/si/zbirni-centri/zbirni-center-murska-sobota",,
"ODRANCI","Saubermacher Komunala","Zbirni center, naročilo",0,"oddaja je brezplačna, identificirajo se z odrezkom komunalnih storitev","ZC Odranci","ob čistilni napravi v Odrancih","pon: 8.30-10, sre: 15-16.30, 4. sob v mesecu: 10.30-12","https://www.saubermacher-komunala.si/si/zbirni-centri/zbirni-center-odranci",,
"PUCONCI","Saubermacher Komunala","Zbirni center, naročilo",0,"oddaja je brezplačna, identificirajo se z odrezkom komunalnih storitev","CERO Punconci","Vaneča 81/b, 9201 Puconci","pon-pet: 6-18, sob: 7-12","http://www.cerop.si/index.php/obdelava-odpadkov/obdelava-kosovnih-odpadkov",,
"ROGAŠOVCI","Saubermacher Komunala","Zbirni center, naročilo",0,"oddaja je brezplačna, identificirajo se z odrezkom komunalnih storitev","ZC Murska Sobota","ob čistilni napravi v Beltincih","pon-pet 9-18, sob 8-14","https://www.saubermacher-komunala.si/si/zbirni-centri/zbirni-center-murska-sobota",,
"ŠALOVCI","Saubermacher Komunala","Zbirni center, naročilo",0,"oddaja je brezplačna, identificirajo se z odrezkom komunalnih storitev","ZC Šalovci","ob čistilni napravi v Šalovcih","sre:14-17, pet: 9-12, 1. sob v mesecu 9-11","https://www.saubermacher-komunala.si/si/zbirni-centri/zbirni-center-salovci",,
"TIŠINA","Saubermacher Komunala","Zbirni center, naročilo",0,"oddaja je brezplačna, identificirajo se z odrezkom komunalnih storitev","ZC Petanjci","na čistilni napravi v Petanjcih, Petanjci 64a, 9251 Tišina","tor: 8-10, pet: 14.30-16.30, 1. sob v mesecu: 9-11.00","https://www.saubermacher-komunala.si/si/zbirni-centri/zbirni-center-petanjci",,
"TURNIŠČE","Saubermacher Komunala","Zbirni center, naročilo",0,"oddaja je brezplačna, identificirajo se z odrezkom komunalnih storitev","ZC Turnišče","ob čistilni napravi v Turnišču","pon: 10.30-13, sre: 14-16.30, 2. sob v mesecu: 9-11.30","https://www.saubermacher-komunala.si/si/zbirni-centri/zbirni-center-turnisce",,
"VELIKA POLANA","Saubermacher komunala","zbirni center, naročilo",0,"oddaja je brezplačna, identificirajo se z odrezkom komunalnih storitev","Mala Polana","pri čistilni napravi","pon: 14-17, pet: 11-14","https://www.saubermacher-komunala.si/kje-zbiramo-odpadke/velika-polana",,
"BENEDIKT","Saubermacher Slovenija","Zbirni center, akcija",0,"identifikacija in plačana zadnja položnica za komunalne storitve","ZC Lenart","Sp. Porčič 4/a, 2230 Lenart","pon-pet: 7-15, sre, 7-17, sob:7-12","n/a",,
"CERKVENJAK","Saubermacher Slovenija","Zbirni center, akcija",0,"identifikacija in plačana zadnja položnica za komunalne storitve","ZC Lenart","Sp. Porčič 4/a, 2230 Lenart","pon-pet: 7-15, sre, 7-17, sob:7-12","n/a",,
"HOČE - SLIVNICA","Saubermacher Slovenija","zbirni center, akcija
",2,"brezplačno le pri akciji","ZC Slivnica","naselje Slivnica, pri nadvozu","15.3-14-11 tor 13-18, sob 8-13, 15.11-14.3 tor 13-17, sob 9-13","https://hoceslivnica.e-obcina.si/post/12087",,
"LENART","Saubermacher Slovenija","Zbirni center, akcija",0,"identifikacija in plačana zadnja položnica za komunalne storitve","ZC Lenart","Sp. Porčič 4/a, 2230 Lenart","pon-pet: 7-15, sre, 7-17, sob:7-12","n/a",,
"RADENCI","Saubermacher Slovenija","zbirni center, naročilo",0,"identifikacija in plačana zadnja položnica za komunalne storitve","ZC Radenci","Boračeva (pri bivši žagi)","sob: 8-12","https://radenci.si/wp-content/uploads/2016/10/Obcina-Radenci_Informator-1_2017.pdf",,
"SVETA ANA","Saubermacher Slovenija","Zbirni center, akcija",0,"identifikacija in plačana zadnja položnica za komunalne storitve","ZC Lenart","Sp. Porčič 4/a, 2230 Lenart","pon-pet: 7-15, sre, 7-17, sob:7-12","n/a",,
"SVETA TROJICA V SLOVENSKIH GORICAH","Saubermacher Slovenija","Zbirni center, akcija",0,"identifikacija in plačana zadnja položnica za komunalne storitve","ZC Lenart","Sp. Porčič 4/a, 2230 Lenart","pon-pet: 7-15, sre, 7-17, sob:7-12","n/a",,
"SVETI JURIJ OB ŠČAVNICI","Saubermacher Slovenija","Zbirni center, naročilo",0,"identifikacija in plačana zadnja položnica za komunalne storitve","ZC Lenart","Sp. Porčič 4/a, 2230 Lenart","pon-pet: 7-15, sre, 7-17, sob:7-12","https://www.saubermacher.si/fileadmin/user_upload/Files_SI/pdfs/koledar_odvoza/2018/SM_urnik_Sv.Jurij_ob_Scav_2018_Final_www.pdf",,
"SVETI JURIJ V SLOVENSKIH GORICAH","Saubermacher Slovenija","Zbirni center, akcija",0,"identifikacija in plačana zadnja položnica za komunalne storitve","ZC Lenart","Sp. Porčič 4/a, 2230 Lenart","pon-pet: 7-15, sre, 7-17, sob:7-12","n/a",,
"ŠENTILJ","Saubermacher Slovenija","Zbirni center, naročilo",0,"identifikacija in plačana zadnja položnica za komunalne storitve","ZC Šentrilj","na lokaciji čistilne naprave tik ob meji z avstrijo","čet 13-16, sob 8-12","http://www.sentilj.si/komunala/#1451065883372-fdcbc4bd-7d08",,
"VITANJE","Saubermacher Slovenija","Zbirni center, akcija",0,"identifikacija in plačana zadnja položnica za komunalne storitve","ZC Zreče","kamnolom Trunkl, Zreče","(15.3-14.11) sre 14-18, sob 8-12; (15.11-14.3) sre 12-16, sob 8-12","https://www.saubermacher.si/fileadmin/user_upload/Files_SI/pdfs/koledar_odvoza/2018/SM_urnik_Vitanje_2018_Final_www.pdf",,
"ZREČE","Saubermacher Slovenija","Zbirni center, akcija",0,"identifikacija in plačana zadnja položnica za komunalne storitve","ZC Zreče","kamnolom Trunkl, Zreče","(15.3-14.11) sre 14-18, sob 8-12; (15.11-14.3) sre 12-16, sob 8-12","https://www.saubermacher.si/fileadmin/user_upload/Files_SI/pdfs/koledar_odvoza/2018/SM_urnik_Vitanje_2018_Final_www.pdf",,
"BRASLOVČE","Simbio","Zbirni center, naročilo",0,"identifikacija in plačana zadnja položnica za komunalne storitve","ZC Braslovče","Zbirni center za odpadke je v Podvrhu, v pokritem prostoru bivšega kmetijskega kompleksa Žovnek","sob: 8-13","http://www.braslovce.si/Komunala/Odpadki",,
"CELJE","Simbio","Zbirni center, naročilo",0,"identifikacija in plačana zadnja položnica za komunalne storitve","RCERO Celje","Bukovžlak 30, 3221 Teharje","pon-pet: 6-20, sob: 6-14","http://www.simbio.si/zbirni-centri",,
"DOBJE","Simbio","Zbirni center, naročilo",0,"identifikacija in plačana zadnja položnica za komunalne storitve","RCERO Celje","Bukovžlak 30, 3221 Teharje","pon-pet: 6-20, sob: 6-14","http://www.simbio.si/zbirni-centri",,
"DOBRNA","Simbio","Zbirni center, naročilo",0,"identifikacija in plačana zadnja položnica za komunalne storitve","ZC Vojnik","Celjska cesta 55 (v Obrtno-poslovni coni Arclin)","sob: 8-12, letni čas: tor: 15-19, čet: 14-19 zimski čas: tor: 15-18, čet: 14-18","https://m.mojaobcina.si/vojnik/novice/zbirni-center.html",,
"POLZELA","Simbio","Zbirni center, naročilo",0,"identifikacija in plačana zadnja položnica za komunalne storitve","ZC Polzela","pri kamnolomu Ekoplana","sob: 8-12","http://www.simbio.si/zbirni-centri",,
"PREBOLD","Simbio","Zbirni center, naročilo",0,"identifikacija in plačana zadnja položnica za komunalne storitve","ZC Prebold","v Latkovi vasi v bližini podjetja Schiedel in Bisol","sob: 8-12, Letni čas: tor: 11-17, zimski čas: 11-16","https://prebold.si/index.php/za-obcane/zbirni-center-odpadkov",,
"ŠENTJUR","Simbio","Zbirni center, naročilo",0,"identifikacija in plačana zadnja položnica za komunalne storitve","RCERO Celje","Bukovžlak 30, 3221 Teharje","pon-pet: 6-20, sob: 6-14","http://www.simbio.si/zbirni-centri",,
"ŠTORE","Simbio","Zbirni center, naročilo",0,"identifikacija in plačana zadnja položnica za komunalne storitve","RCERO Celje","Bukovžlak 30, 3221 Teharje","pon-pet: 6-20, sob: 6-14","http://www.simbio.si/zbirni-centri",,
"TABOR","Simbio","Zbirni center, naročilo",0,"identifikacija in plačana zadnja položnica za komunalne storitve","ZC Vransko - Tabor","na izvozu z avtoceste Celje – Ljubljana, v industrijski coni Vransko, kraj Čeplje, v bližini podjetja Petre šotori","sre: 14-18, sob: 8-12","http://www.simbio.si/zbirni-centri",,
"VOJNIK","Simbio","Zbirni center, naročilo",0,"identifikacija in plačana zadnja položnica za komunalne storitve","ZC Vojnik","Celjska cesta 55 (v Obrtno-poslovni coni Arclin)","sob: 8-12, letni čas: tor: 15-19, čet: 14-19 zimski čas: tor: 15-18, čet: 14-18","https://m.mojaobcina.si/vojnik/novice/zbirni-center.html",,
"VRANSKO","Simbio","Zbirni center, naročilo",0,"identifikacija in plačana zadnja položnica za komunalne storitve","ZC Vransko - Tabor","na izvozu z avtoceste Celje – Ljubljana, v industrijski coni Vransko, kraj Čeplje, v bližini podjetja Petre šotori","sre: 14-18, sob: 8-12","http://www.simbio.si/zbirni-centri",,
"ŽALEC","Simbio","Zbirni center, naročilo",0,"identifikacija in plačana zadnja položnica za komunalne storitve","ZC Žalec","Poslovna cona Nivo v Vrbju (nasproti Gorenje Surovine, d.o.o., PE Žalec, Ulica Savinjske čete 18, 3310 Žalec)","sob: 7-13, Letni čas: pon-pet: 10-18, zimski čas: 9-16","http://www.simbio.si/zbirni-centri",,
"BREZOVICA","Snaga d.o.o.","Zbirni center, naročilo, akcije",1,"Do 3 m3 na leto, s plačano položnico za obračun komunalnih storitev. Kar je več na barje.","Začasni ZC Brezovica","Kamnik pod Krimom 6, 1352 Preserje","sre: 15-18, sob 9-12","https://www.jkp-brezovica.si/zbirni-center.html",,
"CERKLJE NA GORENJSKEM","Snaga d.o.o.","Zbirni center, naročilo",1,"Do 3 m3 na leto, s plačano položnico za obračun komunalnih storitev. Kar je več na barje.","ZC Cerklje na Gorenjskem","ob novem gasilnem dobu v Cerkljah","sre:13-18, sob:8-13","http://www.snaga.si/zbiranje-odvoz-odpadkov/zbirni-centri/zbirni-center-cerklje-na-gorenjskem",,
"DOBROVA - POLHOV GRADEC","Snaga d.o.o.","Zbirni center, naročilo, akcije",1,"Do 3 m3 na leto, s plačano položnico za obračun komunalnih storitev.","ZC Barje","Cesta dveh cesarjev 101","1.4-31.10 pon-sob med 6-20 in od 1.11 do 31.3 od pon-sob 6-18","http://www.snaga.si/zbiranje-odvoz-odpadkov/zbirni-centri/zbirni-center-barje",,
"DOL PRI LJUBLJANI","Snaga d.o.o.","Zbirni center, naročilo, akcije",1,"Do 3 m3 na leto, s plačano položnico za obračun komunalnih storitev","ZC Barje","Cesta dveh cesarjev 101","1.4-31.10 pon-sob med 6-20 in od 1.11 do 31.3 od pon-sob 6-18","http://www.snaga.si/zbiranje-odvoz-odpadkov/zbirni-centri/zbirni-center-barje",,
"HORJUL","Snaga d.o.o.","Zbirni center, naročilo, akcije",1,"Do 3 m3 na leto, s plačano položnico za obračun komunalnih storitev","ZC Barje","Cesta dveh cesarjev 101","1.4-31.10 pon-sob med 6-20 in od 1.11 do 31.3 od pon-sob 6-18","http://www.snaga.si/zbiranje-odvoz-odpadkov/zbirni-centri/zbirni-center-barje",,
"IG","Snaga d.o.o.","Zbirni center, naročilo","/","Do 3 m3 na leto, s plačano položnico za obračun komunalnih storitev. Kar je več na barje.","Začasni zbirni center Ig","Območje čistilne naprave Matena","1.4-31-10 sre 9-12 in 15-19, 2.11-31-3 sre 9-13 in 14-17","http://www.snaga.si/zbiranje-odvoz-odpadkov/zbirni-centri/zacasni-zbirni-center-ig",,
"LJUBLJANA","Snaga d.o.o.","Zbirni center, naročilo, akcije",1,"Do 3 m3 na leto, s plačano položnico za obračun komunalnih storitev","ZC Barje","Cesta dveh cesarjev 101","1.4-31.10 pon-sob med 6-20 in od 1.11 do 31.3 od pon-sob 6-18","http://www.snaga.si/zbiranje-odvoz-odpadkov/zbirni-centri/zbirni-center-barje",,
"MEDVODE","Snaga d.o.o.","Zbirni center, naročilo, akcije",1,"Do 3 m3 na leto, s plačano položnico za obračun komunalnih storitev. Kar je več na barje.","Začasni ZC Medvode","Dvorišče nekdanjega podjetja DONIT Medvode (vhod s Ceste komandanta Staneta)","sre:14-17, sob 9-12","https://www.medvode.si/objava/120655",,
"ŠKOFLJICA","Snaga d.o.o.","Zbirni center, naročilo, akcije",1,"Do 3 m3 na leto, s plačano položnico za obračun komunalnih storitev. Kar je več na barje.","Začasni ZC Škofljica","Pod viaduktom Reber pod avtocesto pred vasjo Reber","1.4-31-10 sre: 15-18, sob 9-12; 2.11-31-3 sre:14-16.30, sob 9-12","http://www.snaga.si/zbiranje-odvoz-odpadkov/zbirni-centri/zacasni-zbirni-center-skofljica",,
"VELIKE LAŠČE","Snaga d.o.o.","Zbirni center, naročilo, akcije",1,"Do 3 m3 na leto, s plačano položnico za obračun komunalnih storitev. Kar je več na barje.","Začasni zbirni center Turjak",0,"sob: 8-12","http://www.velike-lasce.si/arhiv-obcinskih-obvestil/489-zaasni-zbirni-center-turjak, http://www.velike-lasce.si/dejavnosti/komunala",,
"VODICE","Snaga d.o.o.","Zbirni center, naročilo, akcije","/","Do 3 m3 na leto, s plačano položnico za obračun komunalnih storitev. Kar je več na barje.","Začasni ZC Vodice","pri čistilni napravi Vodice (do njega lahko dostopate s Kamniške ceste ali ceste Vodice-Bukovica)","1.5-30.9 sre 17-19 in sob 9-12, 1.10-30.4 sob 9-12","https://www.vodice.si/objava/55233",,
"KUNGOTA","Snaga MB","zbirni center, naročilnica",0,"Identifikacija z odrezkom komunalnih storitev in osebnim dokumentom.","ZC ZG. Kungota","pod cerkvijo v Zg. Kungoti","poleti: sre 12-18, sob 9-18; pozimi sre 12-16, sob 9-16. sprememba s prestavitvijo ure","http://www.kungota.si/komunalni-odpadki/delovni-cas-zbirnega-centra.aspx",,
"LOVRENC NA POHORJU","snaga MB","Zbirni center, naročilo",0,"Identifikacija z odrezkom komunalnih storitev in osebnim dokumentom.","ZC Lovrenc na Pohorju","za Tovarno kos in srpov","sre: 15-18, sob: 9-14","http://www.snaga-mb.si/zbirni-centri/",,
"MARIBOR","Snaga MB","zbirni center, naročilnica",0,"Identifikacija z odrezkom komunalnih storitev in osebnim dokumentom.","ZC Lahova","na Teznu, na Lahovi ulici, tik pred podjetjem Gorenje Surovina","poleti: 7-19, pozimi 7-17; sob 8-15","http://www.snaga-mb.si/zbirni-centri/",,
"MIKLAVŽ NA DRAVSKEM POLJU","snaga MB","Zbirni center, naročilo",0,"Identifikacija z odrezkom komunalnih storitev in osebnim dokumentom.","ZC Miklavž na Dr. polju","ob glavni cesti skozi občino, na desni strani kanala v smeri Ptuja","tor: 15-19, čet 15-19, sob 8-16","http://www.snaga-mb.si/zbirni-centri/",,
"PESNICA","snaga MB","Zbirni center, naročilo",0,"Identifikacija z odrezkom komunalnih storitev in osebnim dokumentom.","ZC Pesnica","Pesniški Dvor","poleti(1.4-31.10) tor 12-18 sob 9-15; pozimi(1.11-31-3) tor 12-16, sob 9-16","http://www.snaga-mb.si/zbirni-centri/",,
"RUŠE","snaga MB","Zbirni center, naročilo",0,"Identifikacija z odrezkom komunalnih storitev in osebnim dokumentom.","ZC Ruše","za bivšo tovarno dušika Ruše","tor, čet 12-18, sob 9-17","http://www.snaga-mb.si/zbirni-centri/",,
"SELNICA OB DRAVI","snaga MB","Zbirni center, naročilo",0,"Identifikacija z odrezkom komunalnih storitev in osebnim dokumentom.","ZC Ruše","za bivšo tovarno dušika Ruše","tor, čet 12-18, sob 9-17","http://www.snaga-mb.si/zbirni-centri/",,
"STARŠE","snaga MB",,,,,,,,,
