"KSP HRASTNIK, d.d.","Nives Venko, 03 56 42 312 nives.venko@ksp-hrastnik.si",,ne,za,"Obrnite se na Občino Hrastnik",da,da,"glede na število članov gospodinjstva","z zloženkami",zabojniki,ne,"
Papir + karton = zelena posoda z rdečim pokrovom
Plastenke, pločevinke, tetrapaki = zelena posoda z rumenim pokrovom
Steko = zelena posoda z zelenim ali belim pokrovom
Baterije = črna posoda s črnim pokrovom
posebni rumeni zabojniki za oblačila, obutev in posteljnino",-," o1:8 o2:6 o3:3 o4:5 o5:4 o6:0 o7:6 o8:6 o9:6 o10:6 o11:5 o12:8 o13:5 o14:1 o15:5 o16:1 o17:5 o18:8 o19:5 o20:1 o21:3 o22:3 o23:1 o24:8 o25:6 o26:8 o27:0 o28:5 o29:8 o30:0 o31:2 o32:6 o33:5 o34:5 o35:8 o36:8 o37:5 o38:8 o39:5 o40:8 o41:2 o42:3 o43:1 o44:1 o45:2 o46:1 o47:3 o48:8 o49:8 o50:6 o51:6 o52:1 o53:1 o54:1 o55:2 o56:0 o57:2 o58:1 o59:6 o60:5 o61:5 o62:5 o63:1 o64:6 o65:5 o66:3 o67:7 o68:2 o69:5 o70:3 o71:6 o72:5 o73:5 o74:8 o75:3 o76:3 o77:8 o78:8 o79:5 o80:3 o81:3 o82:5 o83:5 o84:1 o85:5 o86:5 o87:1 o88:5 o89:5 o90:5 o91:6 o92:5 o93:5 o94:5 o95:5 o96:3 o97:2 o98:2 o99:2 o100:2 o101:6 o102:5 o103:4 o104:5 o105:8 o106:4 o107:2 o108:5 o109:8 o110:8 o111:8 o112:1 o113:1 o114:3 o115:3 o116:6 o117:0 o118:0 o119:0 o120:0 o121:5 o122:8 o123:6 o124:5 o125:5 o126:2 o127:5 o128:8 o129:8 o130:6 o131:2 o132:3 o133:5 o134:5 o135:5 o136:3 o137:5 o138:5 o139:3 o140:3 o141:6 o142:5 o143:1 o144:3 o145:5 o146:5 o147:5 o148:5 o149:6 o150:8 o151:8 o152:8 o153:6 o154:5 o155:5"
"JKP Logatec d.o.o.","janez.marinko@kp-logatec.si  01/7508114",,ne,za,"Janez Marinko",da,da,"glede na število članov gospodinjstva",drugo,ne,da,"odpadki primerni za kompostiranje-zelena barva, embalaža-modra in rumena barva, steklo-bela barva, mešani komunalni odpadki-temno siva barva, papir-kovinski zvonovi zelene ali srebrne barve","ozaveščanje: pri mesečnih položnicah pošiljamo razna obvestila, nekaj pa tudi z zloženkami oz. brošurami"," o1:8 o2:2 o3:3 o4:2 o5:2 o6:0 o7:8 o8:8 o9:8 o10:8 o11:2 o12:3 o13:8 o14:1 o15:2 o16:1 o17:5 o18:8 o19:2 o20:1 o21:3 o22:3 o23:1 o24:5 o25:8 o26:8 o27:0 o28:5 o29:8 o30:0 o31:2 o32:8 o33:5 o34:5 o35:5 o36:8 o37:5 o38:8 o39:5 o40:8 o41:2 o42:3 o43:1 o44:1 o45:2 o46:1 o47:2 o48:5 o49:5 o50:8 o51:8 o52:1 o53:1 o54:1 o55:2 o56:0 o57:2 o58:1 o59:8 o60:5 o61:5 o62:5 o63:1 o64:8 o65:5 o66:3 o67:8 o68:2 o69:5 o70:3 o71:8 o72:5 o73:5 o74:5 o75:3 o76:3 o77:5 o78:8 o79:5 o80:3 o81:3 o82:2 o83:2 o84:1 o85:5 o86:5 o87:1 o88:3 o89:3 o90:3 o91:8 o92:5 o93:5 o94:5 o95:5 o96:3 o97:2 o98:5 o99:2 o100:2 o101:2 o102:5 o103:2 o104:5 o105:8 o106:2 o107:2 o108:5 o109:3 o110:8 o111:8 o112:1 o113:1 o114:3 o115:3 o116:5 o117:0 o118:0 o119:0 o120:5 o121:8 o122:5 o123:2 o124:5 o125:5 o126:2 o127:5 o128:8 o129:8 o130:8 o131:2 o132:3 o133:5 o134:5 o135:5 o136:3 o137:5 o138:5 o139:3 o140:3 o141:8 o142:5 o143:0 o144:3 o145:8 o146:8 o147:5 o148:5 o149:8 o150:8 o151:8 o152:8 o153:5 o154:5 o155:2"
"KOMUNALA Kočevje, d.o.o.","Saša KLJUN, sasa.kljun@komunala-kocevje.si, 031 867 123","dovoz gospodinjskih kosovnih odpadkov na zbirne točke, izrabljanje akcije za odstranjevanje nekomunalnih odpadkov (avtomobilskih delov, predvsem odbijačev), prebiranje in odvoz vrednih sekundarnih surovin (kovine s strani Romov), pojav neevidentiranih zbirnih točk izven sistema",da,za,"Saša KLJUN, sasa.kljun@komunala-kocevje.si, 031 867 123",ne,da,"glede na število članov gospodinjstva",drugo,"zbirni center",ne,"- embalaža (rumena barva pokrova v sistemu od vrat do vrat pri gospodinjstvih oziroma celotne posode pri blokih) - rumena kanta;
- papir (cel zabojnik modre barve) - modra kanta;
- steklo (cel zabojnik zelene barve);
- bio odpadki (rjava posoda z rdečim pokrovom) - rdeča kanta","Za ozaveščanje občanov nekaj krat letno v položnico vstavimo natančna navodila za sortiranje odpadkov, objavljena so tudi na naši spletni strani. Svetujemo po telefonu ali osebno, občasno pa pripravimo prispevek na lokalnem radiu ali v lokalnem časopisu."," o1:8 o2:6 o3:3 o4:2 o5:2 o6:0 o7:6 o8:6 o9:6 o10:6 o11:2 o12:3 o13:7 o14:1 o15:5 o16:1 o17:5 o18:8 o19:2 o20:1 o21:3 o22:3 o23:1 o24:8 o25:6 o26:8 o27:0 o28:5 o29:8 o30:0 o31:2 o32:8 o33:2 o34:5 o35:5 o36:8 o37:8 o38:8 o39:5 o40:6 o41:2 o42:3 o43:1 o44:1 o45:2 o46:1 o47:3 o48:8 o49:8 o50:6 o51:6 o52:1 o53:1 o54:1 o55:2 o56:0 o57:2 o58:1 o59:6 o60:5 o61:5 o62:5 o63:1 o64:8 o65:7 o66:3 o67:8 o68:2 o69:5 o70:3 o71:6 o72:8 o73:8 o74:8 o75:3 o76:3 o77:8 o78:7 o79:5 o80:3 o81:3 o82:1 o83:2 o84:1 o85:2 o86:5 o87:1 o88:3 o89:3 o90:5 o91:6 o92:5 o93:5 o94:5 o95:5 o96:3 o97:2 o98:2 o99:2 o100:2 o101:6 o102:5 o103:2 o104:3 o105:8 o106:2 o107:2 o108:4 o109:3 o110:8 o111:8 o112:1 o113:1 o114:3 o115:3 o116:5 o117:0 o118:0 o119:0 o120:8 o121:8 o122:8 o123:6 o124:5 o125:8 o126:2 o127:5 o128:8 o129:8 o130:6 o131:2 o132:3 o133:5 o134:5 o135:5 o136:3 o137:5 o138:8 o139:3 o140:3 o141:6 o142:5 o143:1 o144:3 o145:5 o146:8 o147:5 o148:5 o149:6 o150:8 o151:8 o152:8 o153:6 o154:6 o155:4"
"Komunala d.o.o., Idrija","Marko Leoni, marko.leoni@komunalaidrija.si, 051 440 498","Ločevanje odpadkov na terenu, izkoriščanje akcije s strani nekaterih občanov in podjetnikov za čiščenje lastnih odpadkov - gume, azbest kritina, nevarni odpadki....
Akcija je lahko terminsko problematična ( marec ) zaradi možnosti snežne odeje v geografsko višjih predelih Slovenije, kjer je pa roko na srce še najmanj tovrstnih odpadkov oz. se jih je očistilo v prejšnji akciji. Naj že enkrat pristojni kaj ukrepajo pred onesnaževalci, kajti tu je srž problema in seveda na splošno do kulture nekaterih ' Slovencev', ki so velikokrat 'okolječuvajniki' do izhoda iz svojega vrtička. In koliko časa bomo nekateri še pripravljeni čistiti za drugimi, ki se nam lahko tako samo smejijo saj se jim tako ali tako nič ne zgodi.",ne,za,"Marko Leoni, marko.leoni@komunalaidrija.si, 051 440 498",ne,da,"glede na število članov gospodinjstva","v lokalnem časopisu z vsebinskimi prispevki","zbirni center",da,"Papir in kartonska embalaža - RDEČ POKROV, Steklena embalaža - BEL POKROV, Plastična in kovinska embalaža - RUMEN POKROV","Ozaveščanje : poteka na vse možne načine v vrtcih, OŠ, Gimnazija,v obliki naših predavanj in obiskov otrok v ZC, z oglasi na lokalnem radiu, z letaki in praktičnimi predmeti ( lončki ) z navodili. V aprilu organiziramo občinski EKO teden s predavanji, čistilno akcijo, pohodi in velikim dogodkom s spremljevalnimi prireditvami na Mestnem trgu. V spodnji tabeli prime samo ena potrditev, načeloma pa je tako,verjetno ste tako tudi misliliin velja za vse komunale - Vse vrste gospodinjskih odpadkov se lahko odda v Zbirnih centrih, ker so ti temu namenjeni. Določene ločeno zbrane frakcije pa se oddaja na EKO otokih in ob napovedanih akcijah zbiranja nevarnih odpadkov in zbiranja kosovnih odapdkov, kar pač tam seveda spada."," o1:8 o2:6 o3:3 o4:2 o5:2 o6:0 o7:6 o8:6 o9:6 o10:6 o11:2 o12:8 o13:8 o14:1 o15:2 o16:1 o17:5 o18:5 o19:2 o20:1 o21:3 o22:3 o23:1 o24:8 o25:6 o26:5 o27:0 o28:5 o29:6 o30:0 o31:2 o32:6 o33:2 o34:5 o35:5 o36:8 o37:7 o38:8 o39:5 o40:6 o41:2 o42:3 o43:1 o44:1 o45:2 o46:1 o47:3 o48:5 o49:8 o50:6 o51:6 o52:1 o53:1 o54:1 o55:2 o56:0 o57:2 o58:1 o59:6 o60:5 o61:3 o62:5 o63:1 o64:6 o65:7 o66:3 o67:6 o68:2 o69:5 o70:5 o71:6 o72:8 o73:8 o74:8 o75:3 o76:3 o77:8 o78:8 o79:8 o80:3 o81:3 o82:2 o83:5 o84:1 o85:2 o86:2 o87:1 o88:1 o89:3 o90:8 o91:6 o92:5 o93:5 o94:5 o95:5 o96:3 o97:2 o98:7 o99:2 o100:2 o101:6 o102:5 o103:2 o104:2 o105:8 o106:2 o107:2 o108:7 o109:3 o110:6 o111:6 o112:1 o113:1 o114:3 o115:3 o116:6 o117:0 o118:0 o119:0 o120:8 o121:2 o122:8 o123:1 o124:8 o125:8 o126:2 o127:8 o128:6 o129:6 o130:6 o131:2 o132:3 o133:5 o134:5 o135:5 o136:8 o137:5 o138:8 o139:3 o140:3 o141:6 o142:5 o143:1 o144:3 o145:6 o146:6 o147:5 o148:5 o149:6 o150:6 o151:6 o152:7 o153:6 o154:6 o155:8"
"LOŠKA KOMUNALA, d.d. Škofja Loka","Janez Štalec, janez.stalec@loska-komunala.si  04/50 23 531","Večinoma so bili vsi odpadki na istem kupu! Cigani so pokradli vse kaj vredne odpadne surovine na zbirnih mestih!! Nekateri so akcijo izkoristili za pospravljenje podstrešij, garaž, kleti in dvorišč!! Nekateri, tako iz gospodinjstev in iz dejavnosti so na zbirana mesta od doma dovažali odpadke še par dni po akciji. Kolikor časa se bo v Sloveniji z odpadki lahko ukvarjal vsak, kdor ma cajt, ne bo dosti drugače - pod nadzorom smo samo registrirana in usposobljena podjetja!!! Vse sile napeti na nadzor nad izvajanjem akcije: lokalna in državna inšpekcija, komunalni redarji, policija itd.",ne,za,"Janez Štalec","odvisno od količine",da,"po volumnu mešanega preostanka odpadkov","v lokalnem časopisu z vsebinskimi prispevki","zbirni center",da,"Na zbiranicah imamo rdeče zabojnike za papir in papirno embalažo, zelene zabojnike za stekleno embalažo, modre zabojnike za kovinsko embalažo in rumene zabojnike za plastično embalažo.
V zbirnem centru povzročitelji odpadkov lahko oddajo vse vrste odpadkov, razen ostanka odpadkov.","Pri odgovorih za obveščanje in ozaveščanje imate na voljo samo 1 odgovor. Mi izvajamo na več različnih načinov tako, da je pravilnih več odgovorov in tudi 'drugo'.
Pri spodnjih odgovorih bi bila pri nekaterih odpadkih možna 2 odgovora, vendar aplikacija tega ne omogoča! Npr. vse vrste nevarnih odpadkov lahko oddajo na akciji zbiranja in v zbirnem centru, elektroniko lahko oddajo kot kosovni odpadek ali pripeljejo v zbirni center itd.
Koliko časa bomo uporabljali še naziv 'mešani komunalni odpadki' - to ljudi zavaja, to je vse v isti kanti! Ali ne bi bilo bolje, da bi odpadke, ki jih ni mogoče razvrstiti v katero od ločenih frakcij za obdelavo, predelavo, reciklažo ali uničenje, imenovali 'ostanek odpadkov'"," o1:8 o2:2 o3:3 o4:2 o5:2 o6:0 o7:6 o8:6 o9:6 o10:6 o11:6 o12:3 o13:5 o14:1 o15:5 o16:1 o17:5 o18:5 o19:2 o20:1 o21:3 o22:3 o23:1 o24:8 o25:6 o26:5 o27:0 o28:5 o29:8 o30:0 o31:2 o32:8 o33:5 o34:5 o35:5 o36:8 o37:5 o38:5 o39:5 o40:8 o41:2 o42:3 o43:1 o44:1 o45:2 o46:1 o47:3 o48:5 o49:5 o50:6 o51:6 o52:1 o53:1 o54:1 o55:2 o56:0 o57:2 o58:1 o59:6 o60:5 o61:5 o62:5 o63:1 o64:6 o65:5 o66:3 o67:8 o68:2 o69:5 o70:5 o71:6 o72:5 o73:8 o74:8 o75:3 o76:3 o77:5 o78:4 o79:5 o80:3 o81:3 o82:1 o83:2 o84:1 o85:5 o86:5 o87:1 o88:3 o89:3 o90:5 o91:6 o92:5 o93:5 o94:5 o95:5 o96:3 o97:2 o98:2 o99:2 o100:2 o101:2 o102:5 o103:2 o104:3 o105:8 o106:2 o107:2 o108:4 o109:3 o110:8 o111:8 o112:1 o113:1 o114:3 o115:3 o116:5 o117:0 o118:0 o119:0 o120:5 o121:8 o122:5 o123:1 o124:5 o125:5 o126:2 o127:5 o128:8 o129:8 o130:6 o131:2 o132:3 o133:5 o134:5 o135:5 o136:3 o137:5 o138:8 o139:3 o140:3 o141:6 o142:5 o143:1 o144:3 o145:5 o146:8 o147:5 o148:5 o149:6 o150:6 o151:6 o152:5 o153:6 o154:5 o155:4"
"JAVNO KOMUNALNO PODJETJE DRAVOGRAD d.o.o.",irena.petelin@jkp-dravograd.si,"z lokacijami zbiranja odpadkov in dolgotrajnim odvozom - še 14 dni po končani akcijoi, ker so ljudje še kar naprej odlagali odpadke. Žal so ljudje vzeli to akcijo kot akcijo kosovnih odpadkov iz gospodinjstev, čeprav smo en mesec prej tako akcijo izvedli z namenom, da se ob vsesplošni akciji izognemo kosovnih odpadkov iz gospodinjstev. Pri obveščanju je potrebno velik poudarek nameniti temu, da ljudem dopovemo, da ta akcija ni namenjena čiščenju njihovih domov. To tudi daje odgovor na naslednje vprašanje, ker pri nas ni veliko zaleglo ali pa tudi?? Če prej ne bi bilo te akcije, bi bilo pač več odpadkov.",da,za,"DARKO FERK, darko.ferk@jkp-dravograd.si","odvisno od količine",da,"glede na število članov gospodinjstva","z lastnim glasilom, publikacijo","zbirni center",da,"EKO OTOKI:  papir in papirnata embalaža: Papir, rdeč pokrov na  zabojniku; plastika in kovina rumen pokrov, steklo zelen pokrov
Odvoz iz gospodinjstev: SUHI ODPADKI( čist papir, plastika, steklo, kovine), MOKRI ( vsi ostali brez BIO odpadkov) in BIO odpadki ( biorazgradljivi odpadki in zeleni odrez)
",Ne," o1:8 o2:6 o3:3 o4:4 o5:4 o6:6 o7:6 o8:6 o9:6 o10:6 o11:6 o12:3 o13:8 o14:1 o15:5 o16:1 o17:5 o18:2 o19:2 o20:1 o21:3 o22:3 o23:1 o24:7 o25:6 o26:8 o27:0 o28:7 o29:7 o30:0 o31:2 o32:6 o33:5 o34:5 o35:5 o36:8 o37:8 o38:8 o39:5 o40:8 o41:2 o42:3 o43:1 o44:1 o45:1 o46:1 o47:3 o48:8 o49:8 o50:6 o51:6 o52:2 o53:8 o54:1 o55:4 o56:0 o57:2 o58:5 o59:8 o60:5 o61:3 o62:3 o63:8 o64:6 o65:8 o66:3 o67:8 o68:2 o69:3 o70:3 o71:6 o72:8 o73:8 o74:8 o75:3 o76:3 o77:8 o78:8 o79:5 o80:3 o81:3 o82:5 o83:5 o84:1 o85:5 o86:5 o87:1 o88:1 o89:3 o90:5 o91:6 o92:5 o93:1 o94:5 o95:5 o96:3 o97:2 o98:2 o99:2 o100:2 o101:2 o102:5 o103:4 o104:5 o105:8 o106:4 o107:2 o108:5 o109:3 o110:8 o111:8 o112:1 o113:1 o114:3 o115:3 o116:5 o117:0 o118:0 o119:0 o120:8 o121:8 o122:8 o123:6 o124:5 o125:8 o126:2 o127:8 o128:8 o129:8 o130:6 o131:5 o132:3 o133:5 o134:5 o135:5 o136:3 o137:5 o138:8 o139:3 o140:3 o141:6 o142:5 o143:1 o144:3 o145:8 o146:8 o147:5 o148:5 o149:6 o150:8 o151:8 o152:8 o153:8 o154:5 o155:4"
"KSP Ljutomer d.o.o.","Zdravko LEBARIČ (zdravko.lebaric@ksp-ljutomer.si; 041479204)","Največ težav smo imeli z nejasno ločnico med prostovoljnim in obveznim sodelovanjem v akciji in posledično s pokrivanjem stroškov v obveznem delu sodelovanja komunalnega podjetja. Slednje mora namreč hočeš ali nočeš zaradi narave svoje dejavnosti sodelovati v akciji, pokriti materialne stroške (prevoze, nakladanje sortiranje, vreče, zaščitno opremo za občane prostovoljce itd.) in zahtevati od vseh zaposlenih, da pridejo na delo prostovoljno oz. v nasprotnem plačati nadure, če odklonijo prostovoljnost.
Predlagamo, da se v naslednji akciji jasno definira, kaj spada pod prostovoljni del akcije in kaj pod obvezni del in kdo zagotovi sredstva za stroške obveznega dela.",da,za,"Zdravko LEBARIČ (zravko.lebaric@ksp-ljutomer.si; 041479204)",da,da,"po volumnu mešanega preostanka odpadkov","z zloženkami","zbirni center",da,"-MKO: zelena barva;
-embalaža (plastenke, pločevinke, sestavljena embalaža, embalažni stiropor in folije): rumena barva;
-steklena embalaža bela barva;
-papir in papirnata embalaža: moder zabojnik;
-BIO odpadke: rjave bvave","Azbestna kritina, pomije in odslužena vozila se ne zbirajo v okviru javne službe zbiranja komunalnih odpadkov!"," o1:8 o2:2 o3:3 o4:2 o5:2 o6:0 o7:6 o8:6 o9:6 o10:8 o11:2 o12:3 o13:8 o14:1 o15:2 o16:1 o17:5 o18:5 o19:2 o20:1 o21:3 o22:3 o23:1 o24:8 o25:8 o26:8 o27:0 o28:5 o29:8 o30:0 o31:2 o32:8 o33:5 o34:5 o35:5 o36:8 o37:8 o38:8 o39:5 o40:8 o41:2 o42:3 o43:1 o44:1 o45:2 o46:1 o47:3 o48:5 o49:8 o50:6 o51:6 o52:1 o53:8 o54:1 o55:2 o56:0 o57:2 o58:1 o59:5 o60:5 o61:3 o62:5 o63:1 o64:8 o65:8 o66:3 o67:8 o68:2 o69:5 o70:3 o71:8 o72:8 o73:8 o74:8 o75:3 o76:3 o77:8 o78:8 o79:8 o80:3 o81:3 o82:5 o83:5 o84:1 o85:5 o86:1 o87:1 o88:3 o89:3 o90:5 o91:6 o92:5 o93:8 o94:5 o95:5 o96:3 o97:2 o98:2 o99:2 o100:2 o101:2 o102:5 o103:2 o104:3 o105:8 o106:2 o107:2 o108:5 o109:8 o110:8 o111:8 o112:1 o113:1 o114:3 o115:3 o116:5 o117:0 o118:0 o119:0 o120:8 o121:2 o122:8 o123:1 o124:8 o125:8 o126:2 o127:5 o128:8 o129:8 o130:6 o131:2 o132:3 o133:5 o134:5 o135:5 o136:3 o137:5 o138:8 o139:3 o140:3 o141:6 o142:5 o143:1 o144:3 o145:8 o146:8 o147:5 o148:5 o149:8 o150:8 o151:8 o152:8 o153:6 o154:2 o155:8"
"Saubermacher - Komunala Murska Sobota d.o.o.","Drago Dervarič, drago.dervaric@saubermacher-komunala.si, 025268450","Največ težav so predstavljali občani, ki so še nekaj naslednjih dni prinašali odpadke na zbirna mesta.",ne,za,"Omer Faflek, omer.faflek@saubermacher-komunala.si, 025268450",da,da,"po volumnu mešanega preostanka odpadkov",drugo,zabojniki,ne,"papir in papirna embalaža, papir, rdeč pokrov
mešana embalaža (plastična, kovinska, iz sestavljenih materialov), embalaža, rumen pokrov
steklo in steklena embalaža, steklo, zelen pokrov","Ozaveščanje vršimo na vse naštete načine in še kakšnega poleg."," o1:6 o2:6 o3:3 o4:2 o5:2 o6:6 o7:6 o8:6 o9:6 o10:6 o11:2 o12:3 o13:7 o14:1 o15:2 o16:1 o17:5 o18:5 o19:2 o20:1 o21:3 o22:3 o23:1 o24:8 o25:6 o26:5 o27:0 o28:2 o29:8 o30:0 o31:2 o32:6 o33:5 o34:5 o35:5 o36:8 o37:2 o38:6 o39:5 o40:8 o41:2 o42:3 o43:1 o44:1 o45:2 o46:1 o47:3 o48:5 o49:5 o50:6 o51:6 o52:1 o53:1 o54:1 o55:2 o56:0 o57:2 o58:1 o59:5 o60:5 o61:3 o62:5 o63:1 o64:6 o65:7 o66:3 o67:7 o68:2 o69:5 o70:5 o71:6 o72:8 o73:6 o74:8 o75:3 o76:3 o77:8 o78:8 o79:5 o80:3 o81:3 o82:1 o83:2 o84:1 o85:2 o86:2 o87:1 o88:1 o89:3 o90:3 o91:6 o92:5 o93:8 o94:6 o95:5 o96:3 o97:2 o98:2 o99:2 o100:2 o101:2 o102:5 o103:2 o104:3 o105:8 o106:2 o107:2 o108:4 o109:3 o110:8 o111:8 o112:1 o113:1 o114:3 o115:3 o116:6 o117:0 o118:0 o119:0 o120:0 o121:2 o122:8 o123:1 o124:5 o125:5 o126:2 o127:5 o128:8 o129:8 o130:6 o131:2 o132:3 o133:5 o134:5 o135:5 o136:3 o137:5 o138:8 o139:3 o140:3 o141:6 o142:2 o143:1 o144:3 o145:6 o146:6 o147:5 o148:5 o149:6 o150:8 o151:8 o152:8 o153:6 o154:6 o155:4"
"Simbio, d.o.o, družba za ravnanje z odpadki","janez janez.karo@simbio.si 03 425 64 00","veliko območje, veliko lokacij je nemogoče oskrbeti v enem dnevu.
količine so bile prevelike",ne,za,"janez janez.karo@simbio.si 03 425 64 00","odvisno od količine","odvisno od količine","po volumnu mešanega preostanka odpadkov",drugo,"zbirni center",da,"
zelen zabojnik za preostanek MKO,zelen zabojnik rumen pokrov za embalažo, rjav za bojnik za bio odpadke, zvon za papir (rdeč) zvon za steklo  (bel) ","ozaveščamo na vse načine, dopustili ste samo en odgovor"," o1:6 o2:2 o3:3 o4:2 o5:2 o6:0 o7:6 o8:6 o9:6 o10:6 o11:2 o12:3 o13:2 o14:1 o15:2 o16:2 o17:3 o18:5 o19:2 o20:2 o21:3 o22:3 o23:1 o24:8 o25:6 o26:5 o27:0 o28:5 o29:8 o30:0 o31:2 o32:6 o33:2 o34:5 o35:5 o36:8 o37:5 o38:5 o39:3 o40:6 o41:2 o42:3 o43:1 o44:2 o45:2 o46:1 o47:3 o48:5 o49:5 o50:6 o51:6 o52:1 o53:5 o54:1 o55:2 o56:0 o57:2 o58:1 o59:6 o60:5 o61:3 o62:3 o63:1 o64:5 o65:5 o66:3 o67:8 o68:2 o69:3 o70:3 o71:6 o72:5 o73:8 o74:8 o75:3 o76:3 o77:5 o78:8 o79:5 o80:3 o81:3 o82:2 o83:5 o84:1 o85:2 o86:2 o87:1 o88:1 o89:3 o90:5 o91:6 o92:5 o93:5 o94:5 o95:5 o96:3 o97:2 o98:5 o99:2 o100:2 o101:2 o102:5 o103:2 o104:2 o105:8 o106:2 o107:2 o108:5 o109:3 o110:8 o111:8 o112:1 o113:1 o114:3 o115:3 o116:5 o117:0 o118:0 o119:0 o120:8 o121:2 o122:5 o123:5 o124:5 o125:5 o126:2 o127:5 o128:8 o129:8 o130:6 o131:2 o132:3 o133:5 o134:5 o135:3 o136:3 o137:5 o138:5 o139:3 o140:3 o141:6 o142:5 o143:1 o144:3 o145:5 o146:6 o147:5 o148:5 o149:6 o150:6 o151:6 o152:8 o153:6 o154:5 o155:5"
"Javno Podjetje Komunala Izola d.o.o","ANJA, ODVOZI@KOMUNALA-IZOLA.SI, 05/6634936","NI BILO VEČJIH TEŽAV.",da,za,"ANJA IN GINO, ODVOZI@KOMUNALA-IZOLA.SI, 05/6634936",da,da,"glede na površino bivalnih površin","z zloženkami","zbirni center",da,"PAPIR IN KARTONSKA EMBALAŽA: MODER ZABOJNIK/RDEČA NALEPKA
PLASTIČNA IN KOVINSKA EMBALAŽA:MODER ZABOJNIK IN RUMENA NALEPKA
STEKLENA EMBALAŽA:MODER ZABOJNIK IN BELA NALEPKA
BIOLOŠKI ODPADKI: RJAV ZABOJNIK Z BELO/RJAVO NALEPKO","OPOMBA: V NAŠEM KOMUNALNEM PODJETJU OBČANE OBVEŠČAMO POLEG LETAKOV ŠE S PLAKATI, Z OGLASI NA RADIU, V LOKALNEM OBČINSKEM ČASOPISU, SPLETNI STRANI."," o1:6 o2:6 o3:3 o4:4 o5:4 o6:0 o7:6 o8:6 o9:6 o10:6 o11:2 o12:8 o13:8 o14:1 o15:5 o16:1 o17:5 o18:8 o19:2 o20:1 o21:3 o22:3 o23:1 o24:8 o25:6 o26:8 o27:0 o28:5 o29:6 o30:0 o31:2 o32:6 o33:5 o34:5 o35:5 o36:8 o37:8 o38:8 o39:5 o40:6 o41:2 o42:3 o43:1 o44:1 o45:2 o46:1 o47:3 o48:8 o49:8 o50:6 o51:6 o52:1 o53:1 o54:1 o55:4 o56:0 o57:1 o58:1 o59:6 o60:5 o61:3 o62:5 o63:1 o64:6 o65:8 o66:3 o67:6 o68:2 o69:5 o70:3 o71:6 o72:8 o73:8 o74:8 o75:3 o76:3 o77:8 o78:8 o79:5 o80:3 o81:3 o82:1 o83:5 o84:1 o85:2 o86:5 o87:1 o88:1 o89:8 o90:5 o91:6 o92:8 o93:5 o94:5 o95:5 o96:3 o97:2 o98:8 o99:2 o100:2 o101:2 o102:5 o103:4 o104:8 o105:8 o106:4 o107:2 o108:8 o109:3 o110:6 o111:6 o112:1 o113:1 o114:3 o115:3 o116:5 o117:0 o118:0 o119:0 o120:8 o121:2 o122:8 o123:6 o124:5 o125:5 o126:2 o127:8 o128:8 o129:6 o130:6 o131:4 o132:3 o133:5 o134:5 o135:5 o136:8 o137:5 o138:8 o139:3 o140:3 o141:6 o142:5 o143:1 o144:8 o145:6 o146:6 o147:5 o148:5 o149:6 o150:6 o151:6 o152:8 o153:6 o154:8 o155:8"
"Javno podjetje Komunala Trbovlje, d.o.o.","Vlasta Medvešek Crnkovič, vlasta.medvesek-crnkovic@komunala-trbovlje.si, 041 995 575","Večjih težav ni bilo, ker smo mi kot komunala predlagali zbirne točke za prostovoljce in odpadke in odpadke tudi odvažali. En teden pred akcijo pa smo sami izvedli akcijo odvoza kosovnih odpadkov od gospodinjstev (čeprav takšne akcije MOP odsvetuje, ker se odpadne električna in elektronska oprema razstavlja že na terenu (prebiralci!) in se v okolje izločajo nevarni odpadki).",da,za,"Crnkovič, vlasta.medvesek-crnkovic@komunala-trbovlje.si, 041 995 575","odvisno od količine",da,"glede na število članov gospodinjstva","z oglasi na lokalni televiziji, radiu",zabojniki,ne,"
Ekološki otok:
papir in karton: zelen zvon
embalaža: rumen zvon
steklo: bel zvon
uporabna oblačila: 'rumena omara' za tekstil (4x v mestu, pred RK in Karitasom)
Pri individ. in večstanov. hišah:
biološki odpadki: rjava posoda
embalaža: črna z rumenim pokrovom
mešani komunalni odpadki: črna ali siva posoda
Zbirni center:
- nevarni odpadki iz gospodinjstev
- lesni odpadki, vejevje
- odpadne električna in elektronska oprema
- neuporabni kosovni odpadki
- avtomobilske gume
- (odpadne nagrobne sveče)","Ceno za sprejem azbestnih odpadkov je določila Vlada RS, kakor tudi odlagališča, ki jih lahko sprejemajo. Naše podjetje azbestnih odpadkov ne sprejema, ker nimamo za to ustreznih pooblastil. Občani pa azbestne odpadke lahko oddajo na regijskem centru CEROZ, d.o.o. v Hrastniku. Spodnja tabela je narejena nerodno, ker je potrebno izpolniti vsa polja!
Poleg tega komunale ne prevzemajo t.i. pomij, za to so spet pooblaščena podjetja kot Biotera, ravno tako ne smemo prevzemati odsluženih avtomobilov- za to je država določila koncesionarje. 
Nevarni odpadki se zbirajo konstantno v zbirnih centrih.
Pri nekaterih odpadkih je več možnosti - potrebno se je odločiti po 'kmečki pameti'."," o1:8 o2:6 o3:3 o4:2 o5:2 o6:0 o7:6 o8:6 o9:6 o10:6 o11:2 o12:3 o13:5 o14:1 o15:2 o16:1 o17:5 o18:5 o19:2 o20:1 o21:3 o22:3 o23:1 o24:8 o25:6 o26:5 o27:0 o28:5 o29:8 o30:0 o31:2 o32:8 o33:5 o34:5 o35:5 o36:8 o37:5 o38:5 o39:5 o40:6 o41:2 o42:3 o43:1 o44:1 o45:2 o46:1 o47:3 o48:5 o49:8 o50:6 o51:6 o52:1 o53:1 o54:1 o55:2 o56:0 o57:2 o58:2 o59:6 o60:5 o61:3 o62:5 o63:1 o64:6 o65:8 o66:3 o67:8 o68:2 o69:5 o70:5 o71:6 o72:5 o73:8 o74:8 o75:3 o76:3 o77:5 o78:8 o79:5 o80:3 o81:3 o82:1 o83:2 o84:1 o85:5 o86:5 o87:1 o88:3 o89:3 o90:5 o91:6 o92:5 o93:5 o94:5 o95:5 o96:3 o97:2 o98:2 o99:2 o100:2 o101:2 o102:5 o103:2 o104:3 o105:8 o106:2 o107:2 o108:5 o109:3 o110:8 o111:8 o112:1 o113:1 o114:3 o115:3 o116:5 o117:0 o118:0 o119:0 o120:5 o121:2 o122:5 o123:1 o124:5 o125:5 o126:2 o127:5 o128:8 o129:8 o130:6 o131:5 o132:3 o133:5 o134:5 o135:5 o136:3 o137:5 o138:5 o139:3 o140:3 o141:6 o142:5 o143:0 o144:3 o145:5 o146:8 o147:5 o148:5 o149:8 o150:8 o151:8 o152:5 o153:8 o154:5 o155:5"
"KOMUNALA D.O.O SEVNICA","MOJCA JAZBINŠEK, mojca.jazbinsek@komunala-sevnica.si, 078164714","Sem odgovorila pod dodatnimi pripombami.",ne,za,"MOJCA JAZBINŠEK","odvisno od količine",da,"glede na število članov gospodinjstva","z zloženkami","zbirni center",da,"EKOLOŠKI OTOK (3 zab.): papir in kartonska embalaža-rdeč pokrov; drobna embalaža (kovinska, plastična in sestavljena emb. skupaj)-rumen pokrov; steklena embalaža-bel pokrov
zabojnik za biološke odpadke-rjave barve
","Glede na to, da se že nekaj časa sprejema nova uredba o ravnanju z odpadki, ki ne predvideva več kosovnega odvoza v klasičnih oblikah ampak bolj preko naročilnic, je potrebno v sklopu akcije Očistimo SLO to tudi nenehno objavljat, da ne bo ponovno prišlo do mešanja pojmov. V naši občini smo imeli v letu 2010 hkrati tudi akcijo zbiranja kosovnih odpadkov in takrat je dejansko do tega prišlo. Smotrno bi bilo pred akcijo zabeležiti in opisati vsa odlagališča, ki bodo predmet čiščenja, ne pa, da si eni čistijo cela dvorišča. Naloga organizacije in nadzora mora biti na lokalnih organizatorjih. Dejavni naj bodo tudi redarji in inšpektorji, ki bodo morali pokazati takojšnjo odzivnost na kršitve.  Imam pa pripombo na spodnjo anketo, ki ne omogoča pogleda na rubrike za vpis. Verjetno bo kdo označeval tudi nepravilna polja.In spet bomo imeli umne 'statistične podatke'.
Lep dan, Mojca Jazbinšek."," o1:6 o2:6 o3:3 o4:2 o5:2 o6:0 o7:6 o8:6 o9:6 o10:6 o11:2 o12:8 o13:5 o14:1 o15:5 o16:1 o17:5 o18:5 o19:2 o20:1 o21:3 o22:3 o23:1 o24:8 o25:6 o26:5 o27:0 o28:5 o29:8 o30:8 o31:8 o32:6 o33:2 o34:5 o35:5 o36:8 o37:8 o38:5 o39:5 o40:6 o41:2 o42:3 o43:1 o44:1 o45:2 o46:1 o47:3 o48:5 o49:8 o50:6 o51:6 o52:1 o53:1 o54:1 o55:2 o56:0 o57:2 o58:1 o59:6 o60:5 o61:5 o62:5 o63:1 o64:6 o65:8 o66:3 o67:8 o68:2 o69:3 o70:3 o71:6 o72:5 o73:8 o74:8 o75:3 o76:3 o77:8 o78:8 o79:5 o80:3 o81:3 o82:1 o83:2 o84:1 o85:5 o86:5 o87:1 o88:5 o89:3 o90:3 o91:6 o92:5 o93:5 o94:5 o95:5 o96:3 o97:2 o98:8 o99:2 o100:2 o101:2 o102:5 o103:2 o104:5 o105:8 o106:2 o107:2 o108:8 o109:3 o110:8 o111:8 o112:1 o113:1 o114:3 o115:3 o116:5 o117:0 o118:0 o119:0 o120:8 o121:8 o122:5 o123:1 o124:5 o125:5 o126:2 o127:5 o128:8 o129:8 o130:6 o131:2 o132:3 o133:5 o134:5 o135:5 o136:3 o137:5 o138:8 o139:3 o140:3 o141:6 o142:5 o143:1 o144:3 o145:6 o146:6 o147:5 o148:5 o149:6 o150:8 o151:8 o152:8 o153:8 o154:8 o155:8"
"JKP Log, d.o.o.","Olga Iglar, olga@jkp-log.si, 02 870 57 47","V okviru akcije so bili oddani tudi kosovni odpadki. Koordinator akcije so bile občine, sodelovali smo z odvozom, odlaganjem in vrečkami. 
Odvoz kosovnih odpadkov ( naslednje vprašanje )je odvisen od razpoložljivih kapacitet, plana odvoza, časa izvedbe (npr. zimske razmere )",da,za,"olga Iglar, olga@jkp-log.si, 02 870 57 47","odvisno od količine",da,"glede na število članov gospodinjstva","z zloženkami","zbirni center",da,"Na ekoloških otokih : rdeč zabojnik - papir, moder zabojnik - plastika, zelen zabojnik - steklo, rumen zabojnik - kovine
Na izvoru - suho/mokro zbiranje, suho - zelen oz. kovinski zabojnik, za mokro - črn zabojunik, za bio(po naročilu ) rjav zabojnik
",/," o1:8 o2:6 o3:3 o4:4 o5:4 o6:0 o7:6 o8:8 o9:8 o10:8 o11:5 o12:3 o13:5 o14:1 o15:5 o16:5 o17:5 o18:5 o19:5 o20:1 o21:3 o22:3 o23:1 o24:8 o25:8 o26:8 o27:0 o28:5 o29:7 o30:0 o31:2 o32:8 o33:2 o34:5 o35:5 o36:8 o37:5 o38:8 o39:5 o40:8 o41:2 o42:3 o43:1 o44:5 o45:2 o46:1 o47:3 o48:5 o49:5 o50:6 o51:6 o52:1 o53:5 o54:1 o55:4 o56:0 o57:2 o58:1 o59:5 o60:5 o61:5 o62:5 o63:1 o64:8 o65:7 o66:3 o67:7 o68:2 o69:5 o70:3 o71:6 o72:5 o73:8 o74:8 o75:3 o76:3 o77:8 o78:8 o79:5 o80:3 o81:3 o82:5 o83:5 o84:1 o85:5 o86:5 o87:1 o88:3 o89:3 o90:5 o91:6 o92:5 o93:1 o94:5 o95:5 o96:3 o97:2 o98:2 o99:2 o100:2 o101:2 o102:5 o103:4 o104:5 o105:8 o106:4 o107:2 o108:7 o109:3 o110:8 o111:8 o112:1 o113:1 o114:3 o115:3 o116:5 o117:0 o118:0 o119:0 o120:8 o121:2 o122:5 o123:1 o124:5 o125:5 o126:2 o127:5 o128:8 o129:8 o130:6 o131:5 o132:3 o133:5 o134:5 o135:5 o136:3 o137:5 o138:8 o139:3 o140:3 o141:6 o142:5 o143:1 o144:3 o145:8 o146:8 o147:5 o148:5 o149:8 o150:8 o151:8 o152:7 o153:8 o154:5 o155:4"
"INFRASTRUKTURA BLED d.o.o.","ŠTEFAN KOROŠEC",-,da,za,"sodelovali bomo o okviru nalog, ki jih bomo dobili od Občine Bled in Gorje","odvisno od količine",da,"po volumnu mešanega preostanka odpadkov","v lokalnem časopisu z vsebinskimi prispevki",zabojniki,da,"papir in papirnata embalaža: Papir, zelen zabojnik z rdečim pokrovom, nalepka za papir
mešana embalaža: plastika in pločevnike, zelen zabojnik z rumenim pokrovom, nalepka plastika in pločevinke
steklena embalaža: steklo, zelen zabojnik z zelenim pokrovom, nalepka za steklo
biorazgradljivi kuhinjski odpadki: rjav zabojnik z rjavnim pokrovom, nalepka biorazgradljivi kuhinjski odpadki
sveče - nalepka za sveče
ostanek mešanih odpadkov
zeleni vrtni odpad
odpadna folija iz kmetijstva
 ","Zabojnik za ostanek odpadkov je za gospodinjstva obvezen, vsi ostali so v skladu z dogovorom.
Na določena vprašanja bi lahko odgovorili z dvema ali več odgovori. sedaj so izbrani najbolj pogosti ali uporabljeni."," o1:8 o2:2 o3:3 o4:5 o5:2 o6:0 o7:8 o8:6 o9:6 o10:6 o11:2 o12:8 o13:8 o14:1 o15:2 o16:1 o17:5 o18:5 o19:5 o20:1 o21:3 o22:3 o23:1 o24:8 o25:6 o26:5 o27:0 o28:5 o29:8 o30:0 o31:2 o32:6 o33:5 o34:5 o35:5 o36:8 o37:5 o38:8 o39:5 o40:8 o41:2 o42:3 o43:1 o44:1 o45:2 o46:1 o47:3 o48:5 o49:8 o50:6 o51:6 o52:1 o53:1 o54:1 o55:2 o56:0 o57:2 o58:1 o59:6 o60:3 o61:3 o62:5 o63:1 o64:8 o65:8 o66:3 o67:8 o68:2 o69:5 o70:3 o71:6 o72:5 o73:8 o74:8 o75:8 o76:8 o77:5 o78:8 o79:5 o80:3 o81:3 o82:5 o83:2 o84:1 o85:5 o86:5 o87:1 o88:1 o89:8 o90:8 o91:6 o92:5 o93:5 o94:5 o95:5 o96:3 o97:2 o98:5 o99:2 o100:2 o101:2 o102:5 o103:2 o104:5 o105:8 o106:8 o107:2 o108:8 o109:3 o110:8 o111:8 o112:1 o113:1 o114:3 o115:3 o116:8 o117:0 o118:0 o119:0 o120:8 o121:2 o122:5 o123:1 o124:5 o125:5 o126:2 o127:5 o128:8 o129:8 o130:6 o131:2 o132:8 o133:5 o134:5 o135:5 o136:8 o137:5 o138:8 o139:3 o140:8 o141:6 o142:5 o143:1 o144:8 o145:8 o146:8 o147:5 o148:5 o149:6 o150:8 o151:8 o152:8 o153:8 o154:5 o155:8"
"JKP KOMUNALA RIBNICA D.O.O.","METKA DOBOVŠEK JERBIČ, 01/8361-138, metka@komunala-ribnica.si",ne,da,za,"Jože Zakrajšek, 01/8361-138, joze.zakrajsek@komunala-ribnica.si in METKA DOBOVŠEK JERBIČ, 01/8361-138, metka@komunala-ribnica.si",da,da,"glede na število članov gospodinjstva","z zloženkami","zbirni center",da,"papir, embalažo in steklo zbiramo na ekoloških otokih. imamo zvonove , ki so zelene barve kape pa so pobarvane papir-moder, steklo zelen, embalaža rumena, bio odpad -rjava, mko -zelena. ","1.opomba odvoz kosovnega odpadka  je smiselno odpeljati, saj imamo odvoz na klic in potem imamo tudi manj problemov z romi
2.opomba se navezuje na ozaveščanje. kot podjetje ozaveščamo naše prebivalce na vse naštete načine zloženkami,s plakati, z oglasi na lokalni televiziji, radiu  v lokalnem časopisu z vsebinskimi prispevki, z lastnim glasilom, publikacijo"," o1:8 o2:6 o3:3 o4:2 o5:2 o6:0 o7:6 o8:6 o9:6 o10:6 o11:2 o12:3 o13:7 o14:1 o15:5 o16:1 o17:5 o18:5 o19:2 o20:1 o21:3 o22:3 o23:1 o24:8 o25:6 o26:5 o27:0 o28:5 o29:8 o30:0 o31:2 o32:6 o33:5 o34:8 o35:5 o36:8 o37:7 o38:8 o39:5 o40:6 o41:2 o42:3 o43:1 o44:1 o45:2 o46:1 o47:3 o48:8 o49:8 o50:6 o51:6 o52:1 o53:1 o54:1 o55:2 o56:0 o57:1 o58:2 o59:6 o60:5 o61:5 o62:5 o63:8 o64:6 o65:7 o66:3 o67:8 o68:2 o69:5 o70:5 o71:6 o72:8 o73:8 o74:8 o75:3 o76:3 o77:8 o78:4 o79:7 o80:3 o81:3 o82:1 o83:5 o84:1 o85:1 o86:5 o87:1 o88:1 o89:5 o90:5 o91:6 o92:8 o93:8 o94:5 o95:5 o96:3 o97:2 o98:7 o99:2 o100:2 o101:2 o102:5 o103:2 o104:3 o105:8 o106:8 o107:8 o108:8 o109:3 o110:8 o111:8 o112:1 o113:1 o114:3 o115:3 o116:5 o117:0 o118:0 o119:6 o120:8 o121:8 o122:8 o123:1 o124:8 o125:7 o126:2 o127:8 o128:8 o129:8 o130:6 o131:2 o132:3 o133:5 o134:5 o135:5 o136:3 o137:5 o138:8 o139:3 o140:3 o141:6 o142:5 o143:1 o144:3 o145:5 o146:5 o147:5 o148:5 o149:6 o150:6 o151:8 o152:8 o153:8 o154:6 o155:4"
"Komunala Zagorje d.o.o.","Sandi Grčar, sandi.grcar@komunala-zagorje.si, 03/56-67-701","odvoz, sortiranje  in deponiranje odpadkov",ne,za,"Sandi Grčar, sandi.grcar@komunala-zagorje.si, 03/56-67-701","odvisno od količine",da,"glede na število članov gospodinjstva","z zloženkami",zabojniki,da,"Papir, RDEČ zabojnik; zabojnik za suhe/mokre odpadke, PLASTIKA rumen zabojnik, Moder  zabojnik: pločevinke, konzerve; BELI zabojnik: steklo",/," o1:6 o2:6 o3:3 o4:4 o5:4 o6:6 o7:6 o8:6 o9:6 o10:6 o11:5 o12:8 o13:8 o14:1 o15:5 o16:5 o17:5 o18:8 o19:2 o20:1 o21:3 o22:3 o23:1 o24:5 o25:6 o26:8 o27:0 o28:5 o29:8 o30:8 o31:8 o32:8 o33:5 o34:8 o35:8 o36:8 o37:5 o38:8 o39:5 o40:6 o41:2 o42:3 o43:1 o44:5 o45:2 o46:1 o47:3 o48:8 o49:8 o50:6 o51:6 o52:1 o53:1 o54:1 o55:4 o56:0 o57:2 o58:1 o59:6 o60:5 o61:5 o62:5 o63:1 o64:6 o65:8 o66:3 o67:8 o68:2 o69:5 o70:3 o71:6 o72:8 o73:8 o74:5 o75:3 o76:3 o77:5 o78:7 o79:8 o80:3 o81:3 o82:5 o83:5 o84:1 o85:5 o86:5 o87:1 o88:3 o89:8 o90:8 o91:6 o92:8 o93:1 o94:5 o95:5 o96:3 o97:2 o98:2 o99:2 o100:2 o101:2 o102:5 o103:4 o104:5 o105:8 o106:4 o107:2 o108:8 o109:8 o110:8 o111:8 o112:1 o113:1 o114:3 o115:3 o116:5 o117:0 o118:0 o119:0 o120:0 o121:8 o122:8 o123:5 o124:8 o125:8 o126:2 o127:8 o128:8 o129:8 o130:6 o131:5 o132:3 o133:5 o134:5 o135:5 o136:3 o137:5 o138:5 o139:3 o140:3 o141:6 o142:5 o143:1 o144:3 o145:8 o146:8 o147:5 o148:5 o149:6 o150:8 o151:8 o152:8 o153:8 o154:5 o155:8"
"Komunala Kranj, javno podjetje d.o.o.","Igor Viktor Bizjak ibizjak@komunala-kranj.si 04/28 11 308","Ogromna količina mnogovrstnih odpadkov. Ker nimamo deponije je potrebno zagotoviti odvoz na odlagališča oziroma na predelavo in sicer vse do izpraznitve pretovornih platojov oziroma zbirnih centrov ne glede na dan in čas.",da,za,"Igor Viktor Bizjak ibizjak@komunala-kranj.si 04/28 11 308","odvisno od količine",da,"glede na število članov gospodinjstva","z zloženkami","zbirni center",da,"rumen-odpadna embalaža; rjav - bioodpadki; zelen-mešani; rdeč pokrov- odpadne sveče;
na ekootokih: belordeč - steklena embalaža; modrordeč - papir in papirna embalaža; rumenordeč - plastična in kovinska embalaža ","azbesta ne zbiramo, odvoz odpadkov zaračunavamo kombinirano"," o1:6 o2:8 o3:3 o4:2 o5:2 o6:0 o7:8 o8:6 o9:6 o10:6 o11:5 o12:8 o13:7 o14:1 o15:2 o16:1 o17:5 o18:5 o19:2 o20:1 o21:3 o22:3 o23:1 o24:8 o25:8 o26:5 o27:0 o28:5 o29:8 o30:0 o31:2 o32:8 o33:2 o34:5 o35:5 o36:8 o37:5 o38:8 o39:5 o40:8 o41:2 o42:3 o43:1 o44:1 o45:2 o46:1 o47:3 o48:5 o49:8 o50:6 o51:6 o52:1 o53:1 o54:1 o55:2 o56:0 o57:2 o58:1 o59:8 o60:5 o61:3 o62:5 o63:1 o64:6 o65:7 o66:3 o67:8 o68:2 o69:5 o70:3 o71:6 o72:8 o73:8 o74:8 o75:8 o76:8 o77:8 o78:8 o79:5 o80:3 o81:3 o82:1 o83:2 o84:1 o85:5 o86:5 o87:3 o88:3 o89:5 o90:5 o91:6 o92:5 o93:5 o94:5 o95:5 o96:3 o97:2 o98:5 o99:2 o100:2 o101:2 o102:5 o103:2 o104:3 o105:8 o106:4 o107:2 o108:8 o109:3 o110:8 o111:8 o112:1 o113:1 o114:3 o115:3 o116:5 o117:0 o118:0 o119:0 o120:0 o121:2 o122:8 o123:8 o124:5 o125:8 o126:2 o127:5 o128:8 o129:8 o130:6 o131:2 o132:3 o133:5 o134:5 o135:5 o136:3 o137:5 o138:8 o139:3 o140:8 o141:8 o142:5 o143:1 o144:8 o145:8 o146:8 o147:5 o148:5 o149:6 o150:8 o151:8 o152:8 o153:8 o154:8 o155:8"
"JP KOMUNALNO PODJETJE VRHNIKA, d.o.o.","Jožica Rupnik (jozica.rupnik@kpv.si)","Na dan, ko je potekala čistilna akcija so se dodatne lokacije, kjer so občani pridno čistili okolje kar množile, tako da je bila organizacija (predvsem število ekip, ki so odvažale) zelo obremenjena.",da,za,"v našem podjetju Jožica Rupnik in Jernej Fefer","odvisno od količine",da,"glede na število članov gospodinjstva","z lastnim glasilom, publikacijo","zbirni center",da,"
EKOLOŠKI OTOKI so sestavljeni iz najmanj treh zvonastih zabojnikov prostornine 1800 litrov.
Vsi trije zabojniki so enake barve. 
Na vsakemu izmed njih so velike nalepke, ki ozaveščajo, kateremu odpadku je zabojnik namenjen. (STEKLO, emblem RIBA; PAPIR, emblem MIŠ; EMBALAŽA, emblem ŽABA;",-," o1:8 o2:6 o3:3 o4:2 o5:2 o6:0 o7:6 o8:6 o9:6 o10:6 o11:2 o12:8 o13:8 o14:1 o15:2 o16:1 o17:5 o18:2 o19:2 o20:1 o21:3 o22:3 o23:1 o24:8 o25:6 o26:2 o27:0 o28:5 o29:8 o30:0 o31:2 o32:6 o33:5 o34:5 o35:5 o36:8 o37:2 o38:5 o39:5 o40:6 o41:2 o42:3 o43:1 o44:1 o45:2 o46:1 o47:3 o48:5 o49:8 o50:6 o51:6 o52:1 o53:1 o54:1 o55:2 o56:0 o57:2 o58:1 o59:6 o60:5 o61:3 o62:5 o63:1 o64:6 o65:8 o66:3 o67:8 o68:2 o69:5 o70:5 o71:6 o72:5 o73:8 o74:8 o75:3 o76:3 o77:8 o78:8 o79:5 o80:3 o81:3 o82:2 o83:2 o84:1 o85:2 o86:5 o87:1 o88:3 o89:3 o90:5 o91:6 o92:5 o93:1 o94:5 o95:5 o96:3 o97:2 o98:2 o99:2 o100:2 o101:2 o102:5 o103:2 o104:5 o105:8 o106:2 o107:2 o108:8 o109:3 o110:8 o111:8 o112:1 o113:1 o114:3 o115:3 o116:5 o117:0 o118:0 o119:0 o120:8 o121:2 o122:5 o123:1 o124:5 o125:5 o126:2 o127:5 o128:8 o129:8 o130:6 o131:2 o132:3 o133:5 o134:5 o135:5 o136:3 o137:5 o138:8 o139:3 o140:3 o141:6 o142:2 o143:1 o144:3 o145:5 o146:6 o147:5 o148:5 o149:6 o150:6 o151:6 o152:5 o153:6 o154:6 o155:8"
"komunala Nova Gorica d.d.","Aljaž Urh, aljaz.urh@komunala-ng.si, 05/335 53 38","slabo ločevanje odpdakov, izkoriščanje akcije iz strani posameznikov (privatniki, čiščenje hiš, itd.), nedefinirani stroški okoljske dajatve, nekatera društva so si sama določevala lokacijo ",da,za,"Dario Rolih, dario.rolih@komunala-ng.si, 05/335 53 00",da,da,"glede na število članov gospodinjstva","z zloženkami","zbirni center",ne,"- papir in karton (modra barva)
- embalaža (plastika in pločevinke -rumena barva)
- steklo (bela barva)
- Biorazgradljivi kuhinjski odpadki (rjava posoda - velikost 0,120L ali 0,240L),
- Biorazgradljivi vrtni odpadki (rjava posoda - velikost 1,100L)
- mešani komunalni odpadki (zelena barva)
- JEDILNA OLJA je možno oddati v posebne zbiralnike pred osnovnimi šolami","Določiti natančnejše lokacije zbiranja odpadkov,  preučiti smotrnost izvajanja akcij po doljšem premoru -cca.5let (da se ne izgubi namen akcije -animirati vse k udeležbi čiščenja)"," o1:6 o2:6 o3:3 o4:2 o5:2 o6:0 o7:6 o8:6 o9:6 o10:6 o11:2 o12:3 o13:5 o14:1 o15:2 o16:1 o17:5 o18:2 o19:2 o20:1 o21:3 o22:3 o23:1 o24:8 o25:6 o26:2 o27:0 o28:5 o29:6 o30:0 o31:2 o32:6 o33:2 o34:5 o35:5 o36:8 o37:8 o38:8 o39:5 o40:8 o41:2 o42:3 o43:1 o44:1 o45:2 o46:1 o47:3 o48:5 o49:8 o50:6 o51:6 o52:1 o53:1 o54:1 o55:2 o56:0 o57:2 o58:1 o59:5 o60:5 o61:3 o62:5 o63:1 o64:6 o65:8 o66:3 o67:6 o68:2 o69:5 o70:5 o71:6 o72:8 o73:8 o74:8 o75:3 o76:3 o77:8 o78:4 o79:5 o80:3 o81:3 o82:1 o83:2 o84:1 o85:5 o86:1 o87:1 o88:3 o89:3 o90:5 o91:6 o92:5 o93:1 o94:5 o95:5 o96:3 o97:2 o98:2 o99:2 o100:2 o101:6 o102:5 o103:2 o104:3 o105:8 o106:2 o107:2 o108:8 o109:3 o110:8 o111:8 o112:1 o113:1 o114:3 o115:3 o116:5 o117:0 o118:0 o119:0 o120:8 o121:2 o122:8 o123:1 o124:8 o125:8 o126:2 o127:5 o128:8 o129:8 o130:6 o131:2 o132:3 o133:5 o134:5 o135:3 o136:3 o137:5 o138:8 o139:3 o140:3 o141:6 o142:5 o143:1 o144:3 o145:5 o146:6 o147:5 o148:5 o149:6 o150:6 o151:8 o152:5 o153:6 o154:6 o155:4"
"JP Komunala Radeče d.o.o.","Tomaž Knavs, tomaz.knavs@komunala-radece.si","Pri čiščenju črnih odlagališč (gradbeni odpadki)na privatnih zemljiščih. ",da,za,"Še ni določeno.",da,da,"glede na število članov gospodinjstva","z zloženkami",ne,ne,"Steklena embalaža - zelene barve,
Plastična embalaža - rumene barve,
Papir in kartonska embalaža - modre barve.
Imenujemo jih ekološke posode na ekoloških otokih.","Odsluženo vozilo, oddamo pooblaščenim organizacijam."," o1:6 o2:6 o3:3 o4:5 o5:2 o6:5 o7:6 o8:6 o9:6 o10:6 o11:8 o12:3 o13:8 o14:1 o15:5 o16:1 o17:5 o18:5 o19:2 o20:1 o21:3 o22:3 o23:1 o24:8 o25:6 o26:8 o27:0 o28:5 o29:8 o30:8 o31:8 o32:8 o33:5 o34:5 o35:5 o36:8 o37:5 o38:8 o39:5 o40:8 o41:2 o42:3 o43:1 o44:1 o45:2 o46:1 o47:3 o48:5 o49:8 o50:6 o51:6 o52:1 o53:1 o54:1 o55:2 o56:0 o57:2 o58:2 o59:5 o60:5 o61:3 o62:5 o63:1 o64:5 o65:7 o66:3 o67:8 o68:2 o69:5 o70:3 o71:8 o72:5 o73:8 o74:7 o75:3 o76:3 o77:7 o78:8 o79:8 o80:3 o81:3 o82:5 o83:5 o84:1 o85:5 o86:5 o87:3 o88:3 o89:3 o90:5 o91:6 o92:5 o93:5 o94:5 o95:5 o96:3 o97:2 o98:7 o99:2 o100:2 o101:2 o102:5 o103:2 o104:5 o105:8 o106:4 o107:2 o108:7 o109:3 o110:8 o111:8 o112:1 o113:1 o114:3 o115:3 o116:5 o117:0 o118:0 o119:0 o120:7 o121:8 o122:5 o123:1 o124:5 o125:5 o126:2 o127:5 o128:8 o129:8 o130:6 o131:5 o132:3 o133:5 o134:5 o135:5 o136:3 o137:5 o138:7 o139:3 o140:3 o141:8 o142:5 o143:1 o144:3 o145:5 o146:8 o147:5 o148:5 o149:6 o150:8 o151:8 o152:8 o153:6 o154:5 o155:4"
"Javno podjetje za komunalne storitve Rogaška Slatina d.o.o.","Šturbej Peter, peter.sturbej@okp. si 03 819 00 55","Nesortirani odpadki, dovoz odpadkov še po akciji",ne,za,"Šturbej Peter, peter.sturbej@okp. si 03 819 00 55",ne,da,"glede na število članov gospodinjstva",drugo,"zbirni center",da,"Papir- zabojnik z modrim pokrovom,
Mešana embalaža- zabojnik z rumenim pokrovom,
Mešani komunalni odpadki- zeleni zabojnik,
Biološki odpadki- rjavi zabojnik
","Stekleno embalažo zbiramo posebej, ravno steklo pa posebej.
Gradbeni stiropor zbiramo v gradbene odpadke, embalažni pa pod mešano embalažo."," o1:8 o2:8 o3:3 o4:2 o5:2 o6:0 o7:6 o8:6 o9:6 o10:6 o11:2 o12:3 o13:7 o14:1 o15:2 o16:2 o17:5 o18:8 o19:2 o20:2 o21:3 o22:3 o23:1 o24:8 o25:6 o26:8 o27:0 o28:5 o29:8 o30:0 o31:2 o32:6 o33:5 o34:8 o35:8 o36:8 o37:8 o38:8 o39:5 o40:8 o41:2 o42:3 o43:1 o44:1 o45:2 o46:1 o47:3 o48:8 o49:8 o50:6 o51:6 o52:1 o53:8 o54:1 o55:2 o56:0 o57:2 o58:2 o59:8 o60:5 o61:5 o62:3 o63:1 o64:6 o65:8 o66:3 o67:8 o68:2 o69:5 o70:5 o71:6 o72:8 o73:8 o74:8 o75:3 o76:3 o77:8 o78:8 o79:8 o80:3 o81:3 o82:1 o83:2 o84:1 o85:2 o86:5 o87:1 o88:5 o89:3 o90:5 o91:6 o92:8 o93:8 o94:8 o95:5 o96:3 o97:2 o98:8 o99:2 o100:2 o101:2 o102:5 o103:2 o104:5 o105:8 o106:2 o107:2 o108:8 o109:3 o110:8 o111:8 o112:1 o113:1 o114:3 o115:3 o116:5 o117:0 o118:0 o119:0 o120:0 o121:8 o122:8 o123:2 o124:8 o125:5 o126:2 o127:8 o128:8 o129:8 o130:6 o131:2 o132:3 o133:5 o134:5 o135:5 o136:3 o137:5 o138:8 o139:3 o140:3 o141:6 o142:5 o143:1 o144:3 o145:5 o146:6 o147:3 o148:5 o149:6 o150:6 o151:8 o152:8 o153:6 o154:5 o155:4"
"Komunalno stanovanjska družba d.o.o. Ajdovščina","Silvana Kodrič, silvana.kodric@ksda.si, 05 3659 713","Težave smo imeli zaradi obsežnosti akcije (na območju dveh občin) in količine odpadkov, ki so jih udeleženci akcije zbrali. Vseh odpadkov ni bilo mogoče odpeljati tisti dan, odvozi so se vršili preko celega tedna, na marsikaterem zbirnem mestu pa so se še naknadno kopičile nove količine odpadkov. Komunalna služba bi delo lažje opravila,če bi bila akcija razdeljena vsaj na dva termina.  
V dveh letih po akciji se je premalo naredilo na preperečevanju nastajanja novih odlagališč oz. kaznovanju povzročiteljev onesnaževanja. Menim, da je potrebno na tem več narediti. Uspešnost akcije se ne sme več kazati skozi velike količine zbranih odpadkov ampak skozi podatke o zmanjševanju števila črnih odlagališč kot posledice osveščanja povzročiteljev odpadkov in aktivne prisotnosti ustreznih služb (inšpektorjev)na terenu. ",ne,za,"Silvana Kodrič, silvana.kodric@ksda.si, 05 36 59 713",ne,ne,"glede na število članov gospodinjstva",drugo,"zbirni center",da,"papir in papirnata embalaža: moder zabojnik; 
plastična, kovinska in sestavljena embalaža: rumen pokrov
steklena embalaža: bel pokrov","1. opomba:Občane ozaveščamo z rednimi obvestili na mesečni položnici, s članki v občinskem časopisu, z brošurami, z delavnicami oz. predstavitvami v krajevnih skupnostih na temo Ločeno zbiranje odpadkov (plan je obiskati vse krajevne skupnosti) 
2. opomba: Odsluženih avtomobilov ne sprejemamo v zbirnem centru, ker je njihov prevzem urejen preko za to pooblaščenih služb"," o1:8 o2:2 o3:3 o4:2 o5:2 o6:2 o7:6 o8:6 o9:6 o10:6 o11:2 o12:8 o13:8 o14:1 o15:2 o16:1 o17:3 o18:5 o19:2 o20:1 o21:3 o22:3 o23:1 o24:8 o25:6 o26:5 o27:0 o28:5 o29:6 o30:0 o31:2 o32:6 o33:2 o34:5 o35:5 o36:8 o37:5 o38:8 o39:5 o40:6 o41:2 o42:3 o43:1 o44:1 o45:2 o46:1 o47:3 o48:5 o49:5 o50:6 o51:6 o52:1 o53:1 o54:1 o55:2 o56:0 o57:2 o58:1 o59:5 o60:3 o61:3 o62:3 o63:1 o64:6 o65:7 o66:3 o67:6 o68:2 o69:3 o70:3 o71:6 o72:5 o73:8 o74:8 o75:8 o76:8 o77:5 o78:8 o79:5 o80:3 o81:3 o82:2 o83:2 o84:1 o85:2 o86:1 o87:1 o88:1 o89:3 o90:5 o91:6 o92:5 o93:5 o94:5 o95:5 o96:3 o97:2 o98:2 o99:2 o100:2 o101:2 o102:5 o103:2 o104:5 o105:8 o106:2 o107:2 o108:7 o109:3 o110:6 o111:6 o112:1 o113:1 o114:3 o115:3 o116:5 o117:0 o118:0 o119:0 o120:8 o121:8 o122:5 o123:1 o124:5 o125:5 o126:2 o127:5 o128:6 o129:6 o130:6 o131:2 o132:3 o133:5 o134:5 o135:5 o136:3 o137:5 o138:5 o139:3 o140:3 o141:6 o142:5 o143:1 o144:3 o145:5 o146:6 o147:3 o148:5 o149:6 o150:6 o151:6 o152:8 o153:6 o154:6 o155:4"
"Komunala Koper d.o.o.","Ksenija Sedmak Časar, ksenija.casar@komunalakoper.si, 05/66 33 xyz","Težava je bila, da odpadki niso bili iz narave, temveč so ljudje čistili lastne kleti in podstrešja ...","-",za,"Klavdij Bembič, klavdij.bembic@komunalakoper.si, 05/66 33 731","ne sprejemamo",da,"glede na površino bivalnih površin",drugo,zabojniki,ne,"papir in kartonska embalaža: rdeč pokrov
mešana embalaža: rumen pokrov
(... manjka)","1. Gradbenih odpadkov (in izolacijskega materiala) ne sprejemamo.
2. Zbiranje kosovnih odpadkov izvajamo celo leto, po sistemu od vrat do vrat.
3. Ozaveščanje izvajamo na vse naštete načine."," o1:8 o2:6 o3:3 o4:2 o5:2 o6:6 o7:6 o8:6 o9:6 o10:6 o11:6 o12:8 o13:5 o14:1 o15:2 o16:1 o17:5 o18:2 o19:2 o20:1 o21:3 o22:3 o23:1 o24:8 o25:6 o26:8 o27:0 o28:5 o29:8 o30:8 o31:8 o32:8 o33:2 o34:5 o35:6 o36:8 o37:8 o38:8 o39:5 o40:6 o41:2 o42:3 o43:1 o44:1 o45:2 o46:1 o47:3 o48:5 o49:5 o50:6 o51:6 o52:1 o53:1 o54:1 o55:2 o56:0 o57:2 o58:1 o59:6 o60:5 o61:3 o62:5 o63:1 o64:6 o65:8 o66:3 o67:8 o68:2 o69:5 o70:3 o71:6 o72:8 o73:8 o74:8 o75:3 o76:3 o77:8 o78:8 o79:8 o80:3 o81:3 o82:2 o83:2 o84:1 o85:2 o86:2 o87:1 o88:3 o89:5 o90:5 o91:6 o92:8 o93:8 o94:8 o95:5 o96:3 o97:2 o98:2 o99:2 o100:2 o101:6 o102:5 o103:2 o104:3 o105:8 o106:8 o107:8 o108:8 o109:3 o110:8 o111:8 o112:1 o113:1 o114:3 o115:3 o116:6 o117:0 o118:0 o119:6 o120:8 o121:8 o122:8 o123:6 o124:5 o125:8 o126:2 o127:6 o128:8 o129:8 o130:6 o131:8 o132:3 o133:5 o134:5 o135:5 o136:3 o137:5 o138:8 o139:3 o140:3 o141:6 o142:5 o143:1 o144:3 o145:6 o146:6 o147:5 o148:5 o149:6 o150:6 o151:8 o152:8 o153:6 o154:8 o155:8"
"Čisto mesto Ptuj d.o.o.","Igor Mohorič, i.mohoric@cistomesto.si, 02/780 90 20",/,ne,za,"Igor Mohorič, i.mohoric@cistomesto.si, 02/780 90 20",da,da,"glede na število članov gospodinjstva","z zloženkami",ne,ne,"papir in papirnata embalaža: zelen zabojnik, rdeč pokrov
steklo: zelen zabojnik, bel pokrov
plastična embalaža: mrežasti kovnski zabojnik, zelen, rumen pokrov
kovinska embalaža: mrežasti kovnski zabojnik, zelen, moder pokrov
vse posode se nahajajo na zbiralnicah ločenih frakcij",/," o1:6 o2:6 o3:3 o4:2 o5:2 o6:0 o7:6 o8:6 o9:6 o10:6 o11:5 o12:8 o13:8 o14:1 o15:2 o16:1 o17:5 o18:5 o19:2 o20:1 o21:3 o22:3 o23:1 o24:8 o25:6 o26:5 o27:0 o28:5 o29:8 o30:0 o31:2 o32:6 o33:5 o34:5 o35:5 o36:8 o37:5 o38:8 o39:5 o40:8 o41:2 o42:3 o43:1 o44:1 o45:2 o46:1 o47:3 o48:8 o49:8 o50:6 o51:6 o52:1 o53:1 o54:1 o55:4 o56:0 o57:2 o58:1 o59:5 o60:5 o61:5 o62:5 o63:1 o64:6 o65:8 o66:3 o67:7 o68:2 o69:5 o70:3 o71:6 o72:8 o73:8 o74:8 o75:3 o76:3 o77:8 o78:8 o79:8 o80:3 o81:3 o82:5 o83:5 o84:1 o85:1 o86:5 o87:1 o88:5 o89:5 o90:5 o91:6 o92:8 o93:1 o94:5 o95:5 o96:3 o97:2 o98:2 o99:2 o100:2 o101:2 o102:5 o103:2 o104:5 o105:8 o106:4 o107:2 o108:8 o109:3 o110:8 o111:8 o112:1 o113:1 o114:3 o115:3 o116:5 o117:0 o118:0 o119:0 o120:8 o121:8 o122:8 o123:1 o124:8 o125:8 o126:2 o127:5 o128:7 o129:7 o130:6 o131:5 o132:3 o133:5 o134:5 o135:5 o136:3 o137:5 o138:8 o139:3 o140:3 o141:6 o142:5 o143:1 o144:3 o145:6 o146:6 o147:5 o148:5 o149:6 o150:6 o151:6 o152:8 o153:8 o154:5 o155:8"
"Snaga d.o.o. Ljubljana","Igor Petek 014779637,041623176,igor.petek@snaga.si","zmešani odpadki-odpadki niso bili pripravljeni po vrstah
odpadki so se nahajali na lokacijah, ki niso bile predhodno dogovorjene",ne,za,"Igor Petek, operativno Marija Rutter (marija.rutter@snaga.si)",ne,ne,"po volumnu mešanega preostanka odpadkov",drugo,"zbirni center",da,"Papir in papirnata embalaza:papir,moder pokrov na crni posodi
Votla steklena embalaza:steklo,zelen pokrov na crni posodi
Ostala embalaza:embalaza,rumen pokrov na crni posodi","Z zlozenkami,z plakati,z oglasi in oddajami na radijskimi postajah.V lokalnem casopisu z 
vsebinskimi prispevki.
Z lastnim glasilom in publikacijo,na spletni strani,na hrbtni strani racunov."," o1:8 o2:6 o3:3 o4:2 o5:2 o6:0 o7:6 o8:6 o9:6 o10:6 o11:2 o12:8 o13:8 o14:1 o15:2 o16:1 o17:3 o18:2 o19:2 o20:1 o21:3 o22:3 o23:1 o24:8 o25:6 o26:2 o27:0 o28:5 o29:8 o30:0 o31:2 o32:8 o33:5 o34:5 o35:5 o36:8 o37:8 o38:8 o39:5 o40:6 o41:2 o42:3 o43:1 o44:1 o45:2 o46:1 o47:3 o48:8 o49:8 o50:6 o51:6 o52:1 o53:1 o54:1 o55:2 o56:0 o57:2 o58:1 o59:6 o60:5 o61:3 o62:5 o63:1 o64:6 o65:8 o66:3 o67:8 o68:2 o69:5 o70:3 o71:6 o72:8 o73:8 o74:8 o75:3 o76:3 o77:8 o78:8 o79:8 o80:3 o81:3 o82:2 o83:2 o84:1 o85:2 o86:5 o87:1 o88:3 o89:3 o90:5 o91:6 o92:8 o93:5 o94:5 o95:5 o96:3 o97:2 o98:8 o99:2 o100:2 o101:2 o102:5 o103:2 o104:2 o105:8 o106:2 o107:2 o108:8 o109:3 o110:8 o111:8 o112:1 o113:1 o114:3 o115:3 o116:6 o117:0 o118:0 o119:0 o120:8 o121:8 o122:8 o123:2 o124:5 o125:8 o126:2 o127:5 o128:8 o129:8 o130:6 o131:2 o132:3 o133:5 o134:5 o135:3 o136:3 o137:5 o138:8 o139:3 o140:3 o141:6 o142:5 o143:1 o144:3 o145:5 o146:6 o147:5 o148:5 o149:6 o150:8 o151:8 o152:5 o153:6 o154:6 o155:8"
"KOMUNALA RADOVLJICA D.O.O.","Mojca Dolar, mojca.dolar@komunala-radovljica.si","Financiranje in stroški akcije",ne,za,"mojca Dolar","odvisno od količine",da,"po volumnu mešanega preostanka odpadkov","v lokalnem časopisu z vsebinskimi prispevki","zbirni center",ne,"Papir, zelen zabojnik, rdeč pokrov
emabalaža - zelen zabojnik, rumen pokrov
steklo zelen zabojnik, zelen pokrov","več možnosti pri ozaveščanju, se ne da odgovoriti več"," o1:8 o2:6 o3:3 o4:2 o5:2 o6:0 o7:6 o8:6 o9:6 o10:8 o11:2 o12:3 o13:8 o14:1 o15:2 o16:1 o17:5 o18:8 o19:2 o20:1 o21:3 o22:3 o23:1 o24:8 o25:6 o26:8 o27:0 o28:5 o29:8 o30:0 o31:2 o32:6 o33:5 o34:5 o35:5 o36:8 o37:5 o38:8 o39:5 o40:6 o41:2 o42:3 o43:1 o44:1 o45:2 o46:1 o47:3 o48:8 o49:5 o50:6 o51:6 o52:1 o53:1 o54:1 o55:2 o56:0 o57:2 o58:1 o59:6 o60:3 o61:3 o62:3 o63:1 o64:6 o65:5 o66:3 o67:8 o68:2 o69:5 o70:3 o71:6 o72:5 o73:8 o74:8 o75:8 o76:8 o77:8 o78:8 o79:5 o80:3 o81:3 o82:1 o83:2 o84:1 o85:5 o86:5 o87:1 o88:3 o89:3 o90:5 o91:6 o92:5 o93:5 o94:5 o95:5 o96:3 o97:2 o98:2 o99:2 o100:2 o101:2 o102:5 o103:2 o104:5 o105:8 o106:4 o107:2 o108:4 o109:3 o110:8 o111:8 o112:1 o113:1 o114:3 o115:3 o116:5 o117:0 o118:0 o119:0 o120:8 o121:8 o122:5 o123:1 o124:5 o125:8 o126:2 o127:5 o128:8 o129:8 o130:6 o131:5 o132:8 o133:5 o134:5 o135:5 o136:8 o137:5 o138:8 o139:3 o140:8 o141:6 o142:5 o143:1 o144:8 o145:5 o146:8 o147:3 o148:5 o149:6 o150:8 o151:8 o152:8 o153:8 o154:5 o155:4"
"ČISTA NARAVA d.o.o.","Metka ŠKRILEC, cista.narava@siol.net, 02-538-1610","pri odvozu velike količine odpadkov ",da,za,"Skrilec Metka, cista.narava@siol.net, 02-538-1610",da,da,drugo,"z zloženkami",ne,da,"",ne," o1:6 o2:6 o3:3 o4:2 o5:2 o6:6 o7:6 o8:6 o9:6 o10:6 o11:2 o12:3 o13:5 o14:1 o15:2 o16:1 o17:3 o18:2 o19:2 o20:1 o21:3 o22:3 o23:1 o24:8 o25:6 o26:5 o27:0 o28:5 o29:7 o30:0 o31:5 o32:6 o33:5 o34:5 o35:5 o36:8 o37:5 o38:8 o39:3 o40:6 o41:2 o42:3 o43:2 o44:2 o45:2 o46:2 o47:3 o48:5 o49:8 o50:6 o51:6 o52:1 o53:1 o54:1 o55:2 o56:0 o57:2 o58:1 o59:6 o60:5 o61:3 o62:3 o63:1 o64:6 o65:7 o66:3 o67:8 o68:2 o69:3 o70:3 o71:6 o72:5 o73:5 o74:8 o75:3 o76:3 o77:8 o78:7 o79:5 o80:3 o81:3 o82:1 o83:2 o84:1 o85:5 o86:1 o87:1 o88:1 o89:3 o90:5 o91:6 o92:8 o93:5 o94:5 o95:5 o96:3 o97:2 o98:2 o99:2 o100:2 o101:2 o102:5 o103:2 o104:2 o105:8 o106:2 o107:2 o108:5 o109:3 o110:7 o111:7 o112:0 o113:2 o114:3 o115:3 o116:5 o117:0 o118:0 o119:0 o120:0 o121:5 o122:8 o123:1 o124:5 o125:5 o126:2 o127:5 o128:7 o129:6 o130:6 o131:2 o132:3 o133:5 o134:5 o135:5 o136:3 o137:5 o138:5 o139:3 o140:3 o141:6 o142:2 o143:0 o144:3 o145:6 o146:6 o147:3 o148:5 o149:6 o150:8 o151:8 o152:8 o153:6 o154:5 o155:4"
"JP Komunala Črnomelj d.o.o.","robert klobučar  07-30-61-668","preveč lokacij zbirnih mest, ",ne,za,"robert klobučar",ne,da,drugo,"z zloženkami","zbirni center",ne,"papir-rdeč
mešana plastična embalaža-rumen
steklo-zelen",-," o1:6 o2:6 o3:3 o4:2 o5:2 o6:5 o7:6 o8:6 o9:6 o10:6 o11:6 o12:3 o13:7 o14:1 o15:5 o16:1 o17:5 o18:8 o19:2 o20:1 o21:3 o22:3 o23:1 o24:5 o25:6 o26:8 o27:0 o28:5 o29:8 o30:0 o31:2 o32:8 o33:5 o34:5 o35:5 o36:8 o37:5 o38:8 o39:5 o40:8 o41:2 o42:3 o43:1 o44:5 o45:2 o46:1 o47:3 o48:8 o49:8 o50:6 o51:6 o52:1 o53:1 o54:1 o55:2 o56:0 o57:2 o58:1 o59:5 o60:5 o61:5 o62:5 o63:1 o64:6 o65:7 o66:3 o67:8 o68:2 o69:3 o70:5 o71:8 o72:5 o73:8 o74:8 o75:3 o76:3 o77:8 o78:8 o79:5 o80:3 o81:3 o82:5 o83:5 o84:1 o85:5 o86:5 o87:1 o88:1 o89:3 o90:5 o91:6 o92:5 o93:8 o94:5 o95:5 o96:3 o97:2 o98:2 o99:2 o100:2 o101:6 o102:5 o103:2 o104:5 o105:8 o106:8 o107:8 o108:8 o109:3 o110:8 o111:8 o112:1 o113:1 o114:3 o115:3 o116:5 o117:0 o118:0 o119:0 o120:8 o121:2 o122:5 o123:8 o124:5 o125:8 o126:2 o127:8 o128:8 o129:8 o130:6 o131:5 o132:3 o133:5 o134:5 o135:5 o136:3 o137:5 o138:5 o139:3 o140:3 o141:6 o142:5 o143:1 o144:3 o145:5 o146:8 o147:5 o148:5 o149:6 o150:6 o151:8 o152:8 o153:8 o154:5 o155:8"
"Javne službe Ptuj d.o.o.","Rajko Kaučič rajko@js-ptuj.si 041 854 340",,da,za,"Rajko Kaučič rajko@js-ptuj.si 041 854 340","odvisno od količine",da,"glede na število članov gospodinjstva","v lokalnem časopisu z vsebinskimi prispevki","zbirni center",da,"Papir - rdeč pokrov
Steklo - bel pokrov
Embalaža - rumen pokrov
Biološki - rjava posoda
MKO - siva ali črna posoda",-," o1:8 o2:8 o3:3 o4:5 o5:2 o6:0 o7:8 o8:8 o9:8 o10:8 o11:5 o12:8 o13:8 o14:1 o15:5 o16:1 o17:3 o18:5 o19:2 o20:1 o21:3 o22:3 o23:1 o24:8 o25:8 o26:5 o27:0 o28:5 o29:8 o30:8 o31:8 o32:8 o33:5 o34:5 o35:5 o36:8 o37:8 o38:8 o39:5 o40:8 o41:2 o42:3 o43:1 o44:1 o45:2 o46:1 o47:3 o48:5 o49:8 o50:8 o51:8 o52:1 o53:1 o54:1 o55:2 o56:0 o57:2 o58:1 o59:5 o60:3 o61:3 o62:3 o63:0 o64:8 o65:8 o66:3 o67:7 o68:2 o69:5 o70:8 o71:8 o72:8 o73:8 o74:8 o75:3 o76:3 o77:8 o78:8 o79:5 o80:3 o81:3 o82:0 o83:5 o84:1 o85:5 o86:1 o87:1 o88:3 o89:3 o90:3 o91:8 o92:8 o93:8 o94:5 o95:5 o96:3 o97:2 o98:2 o99:2 o100:2 o101:2 o102:5 o103:2 o104:5 o105:8 o106:2 o107:2 o108:7 o109:3 o110:8 o111:7 o112:0 o113:1 o114:3 o115:3 o116:5 o117:0 o118:0 o119:0 o120:8 o121:8 o122:8 o123:2 o124:5 o125:8 o126:2 o127:5 o128:7 o129:8 o130:8 o131:5 o132:3 o133:5 o134:5 o135:3 o136:3 o137:5 o138:8 o139:3 o140:8 o141:6 o142:5 o143:0 o144:3 o145:8 o146:8 o147:5 o148:5 o149:6 o150:8 o151:8 o152:8 o153:6 o154:8 o155:8"
"Komunala Metlika d.o.o.","Nikolaj Drkušič","Največ težav je bilo pri loikacijah prevzema odpadkov, ker jih udeleženci niso upoštevali.",da,za,"Nikolaj Drkušič","odvisno od količine","odvisno od količine","glede na število članov gospodinjstva","z zloženkami","zbirni center",da,"papir in papirnata embalaža: rdeč pokrov,
plastična embalaža in pločevinke: rumen pokrov
steklena embalaža: zelen pokrov
biorazgradljivi odpadki: rjav zabojnik","Pri nas v naši občini smo že izdali brošuro in v njej tudi seznam kam sodi kateri odpadek >>ODPADKI OD A DO Ž<<, prav tako pa je v pripravi nova brošura."," o1:8 o2:6 o3:3 o4:2 o5:2 o6:0 o7:8 o8:6 o9:6 o10:8 o11:8 o12:8 o13:8 o14:1 o15:2 o16:1 o17:5 o18:2 o19:2 o20:1 o21:3 o22:3 o23:1 o24:8 o25:6 o26:2 o27:0 o28:5 o29:8 o30:8 o31:8 o32:8 o33:5 o34:8 o35:8 o36:8 o37:8 o38:8 o39:5 o40:6 o41:2 o42:3 o43:1 o44:1 o45:2 o46:1 o47:3 o48:8 o49:8 o50:6 o51:6 o52:1 o53:1 o54:1 o55:2 o56:0 o57:2 o58:1 o59:6 o60:5 o61:5 o62:5 o63:8 o64:6 o65:8 o66:3 o67:8 o68:2 o69:5 o70:8 o71:6 o72:7 o73:8 o74:8 o75:3 o76:3 o77:7 o78:7 o79:7 o80:3 o81:3 o82:1 o83:5 o84:1 o85:5 o86:5 o87:1 o88:1 o89:5 o90:5 o91:6 o92:8 o93:8 o94:8 o95:5 o96:3 o97:2 o98:2 o99:2 o100:2 o101:6 o102:5 o103:2 o104:5 o105:8 o106:2 o107:2 o108:4 o109:3 o110:8 o111:8 o112:1 o113:1 o114:3 o115:3 o116:5 o117:0 o118:0 o119:6 o120:8 o121:8 o122:7 o123:8 o124:8 o125:8 o126:2 o127:8 o128:8 o129:8 o130:6 o131:8 o132:3 o133:5 o134:5 o135:5 o136:8 o137:5 o138:7 o139:3 o140:3 o141:6 o142:5 o143:1 o144:3 o145:8 o146:8 o147:5 o148:5 o149:6 o150:8 o151:8 o152:8 o153:8 o154:6 o155:4"
"Javno komunalno podjetje d.o.o. Slovenske Konjice","Karmen Pem, karmen.cerosk@siol.net, 03 758 0471","Sama organizacija in točna navodila s strani koordinatorjev so bila slabo pripravljena. Odpadki so v naš center CERO SK prihajali pomešani med sabo, ločevanje na izvoru ni potekalo zadovoljivo.",ne,za,"Karmen Pem, karmen.cerosk@siol.net, 051 724 142","odvisno od količine",da,"glede na število članov gospodinjstva","z zloženkami","zbirni center",da,"embalaža - moder pokrov, papir - rdeč pokrov, steklo - beli pokrov","Nimam pripomb."," o1:8 o2:6 o3:3 o4:2 o5:2 o6:0 o7:6 o8:6 o9:6 o10:6 o11:8 o12:8 o13:5 o14:1 o15:2 o16:2 o17:5 o18:5 o19:2 o20:1 o21:3 o22:3 o23:1 o24:8 o25:6 o26:5 o27:0 o28:5 o29:8 o30:8 o31:8 o32:6 o33:2 o34:5 o35:5 o36:8 o37:5 o38:8 o39:5 o40:8 o41:2 o42:3 o43:1 o44:2 o45:2 o46:1 o47:3 o48:5 o49:8 o50:6 o51:6 o52:1 o53:1 o54:1 o55:2 o56:0 o57:2 o58:1 o59:6 o60:5 o61:3 o62:5 o63:1 o64:6 o65:8 o66:3 o67:8 o68:2 o69:5 o70:3 o71:6 o72:8 o73:8 o74:8 o75:3 o76:3 o77:8 o78:8 o79:5 o80:3 o81:3 o82:1 o83:2 o84:1 o85:5 o86:5 o87:1 o88:1 o89:3 o90:5 o91:6 o92:5 o93:1 o94:5 o95:5 o96:3 o97:2 o98:8 o99:2 o100:2 o101:2 o102:5 o103:2 o104:5 o105:8 o106:2 o107:2 o108:8 o109:3 o110:8 o111:8 o112:1 o113:1 o114:3 o115:3 o116:5 o117:0 o118:0 o119:0 o120:8 o121:8 o122:8 o123:1 o124:5 o125:5 o126:2 o127:5 o128:8 o129:8 o130:6 o131:2 o132:3 o133:5 o134:5 o135:5 o136:3 o137:5 o138:8 o139:3 o140:3 o141:6 o142:5 o143:1 o144:3 o145:5 o146:6 o147:5 o148:5 o149:6 o150:6 o151:8 o152:8 o153:8 o154:5 o155:4"
"JP Komunala Cerknica d.o.o.","Igor Tekavec  041766830",,ne,,"Igor Tekavec  041766830","odvisno od količine",da,"glede na število članov gospodinjstva","v lokalnem časopisu z vsebinskimi prispevki","zbirni center",da," papir in papirnata embalaža: rdeč pokrov zabojnika; mešana embalaža: rumen pokrov; MKO zelen zabojnik; BIO odp. rjav zabojnik; steklena embalaža: zeleno bel zvon; odpadne sveče: violično bel zvon;","Ozaveščanje občanov: zloženke, plakati, lokalna TV, z lastnim glasilom, drugo: delo z otroci v vrtcih in OŠ;"," o1:8 o2:6 o3:3 o4:2 o5:2 o6:0 o7:8 o8:8 o9:8 o10:8 o11:2 o12:3 o13:5 o14:1 o15:2 o16:1 o17:5 o18:5 o19:2 o20:1 o21:3 o22:3 o23:1 o24:8 o25:6 o26:5 o27:0 o28:5 o29:8 o30:0 o31:2 o32:6 o33:5 o34:5 o35:5 o36:8 o37:8 o38:8 o39:5 o40:8 o41:2 o42:3 o43:1 o44:1 o45:2 o46:1 o47:3 o48:5 o49:8 o50:6 o51:6 o52:1 o53:1 o54:1 o55:2 o56:0 o57:2 o58:5 o59:6 o60:5 o61:3 o62:3 o63:1 o64:6 o65:8 o66:3 o67:7 o68:2 o69:5 o70:8 o71:6 o72:5 o73:7 o74:8 o75:3 o76:3 o77:8 o78:7 o79:5 o80:3 o81:3 o82:1 o83:2 o84:1 o85:5 o86:5 o87:1 o88:3 o89:3 o90:5 o91:6 o92:5 o93:5 o94:5 o95:5 o96:3 o97:2 o98:8 o99:2 o100:2 o101:2 o102:5 o103:2 o104:5 o105:8 o106:4 o107:8 o108:4 o109:3 o110:8 o111:8 o112:1 o113:1 o114:3 o115:3 o116:6 o117:0 o118:0 o119:0 o120:8 o121:8 o122:5 o123:6 o124:5 o125:5 o126:2 o127:8 o128:8 o129:8 o130:6 o131:2 o132:3 o133:5 o134:5 o135:5 o136:3 o137:5 o138:8 o139:3 o140:3 o141:6 o142:5 o143:1 o144:3 o145:5 o146:6 o147:3 o148:5 o149:6 o150:8 o151:8 o152:8 o153:8 o154:5 o155:4"
"Javno komunalno podjetje Grosuplje d.o.o.","Alojz Mehle, alojz.mehle@jkpg.si, 01/78 88 931","1. Izkoriščanje akcije posameznikov, ki so na zbiralno mesto kopičili svoje kosovne odpadke.
2. Romi so na dan akcije in tudi pozneje (vsi odpadki se niso odpeljali isti dan)odvažali za njih koristne odpadke in s tem povzročali še večje onesnaževanje.
3. Izvedba akcije v enem dnevu je problematična zaradi pomanjkanja osnovnih sredstev (odpadke ni možno v istem dnevu odpeljati v zbirne centre oz. odlagališča).
4. Po končanju akcije na dan akcije (običajno po 14. uri)vsi nastali problemi so v breme izvajalcu javne službe.
5. Ločevanje odpadkov (predvsem velja za nelegalna odlagališča) ni možno (preveč zakomplicirano).",da,za,"Alojz Mehle, alojz.mehle@jkpg.si, 01/78 88 931",da,ne,"glede na število članov gospodinjstva","v lokalnem časopisu z vsebinskimi prispevki",ne,da,"
INDIVIDUALNO: Črni plastični ali pocinkani zabojnik za mešane komunalne odpadke, zeleni zabojnik za ločeno zbiranje organskih odpadkov in zelen zabojnik 240 l z rumenim pokrovom za ločeno zbiranje mešane embalaže.
Zbiralnice: 1100 l plastični črni zabojnik z rdečim pokrovom za ločeno zbiranje papirja in kartona, 1100 l plastični črni zabojnik z belim pokrovom za ločeno zbiranje steklene embalaže ter za več stanovanjske objekte 1100 l plastični črni zabojnik z rumenim pokrovom za ločeno zbiranje mešane embalaže.",ne," o1:6 o2:6 o3:3 o4:2 o5:2 o6:0 o7:6 o8:6 o9:6 o10:6 o11:2 o12:3 o13:5 o14:1 o15:2 o16:1 o17:3 o18:5 o19:2 o20:1 o21:3 o22:3 o23:1 o24:8 o25:6 o26:5 o27:0 o28:5 o29:8 o30:0 o31:2 o32:6 o33:2 o34:5 o35:5 o36:8 o37:7 o38:8 o39:5 o40:6 o41:2 o42:3 o43:1 o44:1 o45:2 o46:1 o47:3 o48:5 o49:8 o50:6 o51:6 o52:1 o53:1 o54:1 o55:2 o56:0 o57:2 o58:1 o59:6 o60:5 o61:3 o62:5 o63:1 o64:5 o65:7 o66:3 o67:8 o68:2 o69:5 o70:5 o71:6 o72:5 o73:8 o74:8 o75:3 o76:3 o77:5 o78:8 o79:5 o80:3 o81:3 o82:2 o83:2 o84:1 o85:1 o86:5 o87:1 o88:3 o89:3 o90:5 o91:6 o92:5 o93:5 o94:5 o95:5 o96:3 o97:2 o98:2 o99:2 o100:2 o101:2 o102:5 o103:2 o104:5 o105:8 o106:4 o107:2 o108:4 o109:3 o110:8 o111:8 o112:1 o113:1 o114:3 o115:3 o116:5 o117:0 o118:0 o119:0 o120:0 o121:2 o122:5 o123:1 o124:5 o125:8 o126:2 o127:5 o128:8 o129:8 o130:6 o131:2 o132:3 o133:5 o134:5 o135:5 o136:3 o137:5 o138:5 o139:3 o140:3 o141:6 o142:5 o143:1 o144:3 o145:6 o146:8 o147:5 o148:5 o149:6 o150:6 o151:8 o152:8 o153:6 o154:8 o155:4"
"KOMUNALA SLOVENSKA BISTRICA D.O.O.","NATALIJA PEČOVNIK, natalija.pecovnik@komunala-slb.si, 041 374 430","Količina odpadkov, ker so občani čistili svoja dvorišča, okolico, kleti in podstrešja, s tem se je akcija zavlekla dolgo v večer, saj je bilo potrebno opraviti dosti več odvozov kot je bilo predvideno. Že očiščena prevzemna mesta, so bila drugo jutro ponovno polna odpadkov.
Izboljšave: poudariti, da se striktno čistijo javne površine, kot so gozdovi, potoki, skratka 'črna odlagališča'., okoljski inšpektorji in mestni redarji morajo krožiti po lokacijah prevzemnih mest in vršiti nadzor, ...",ne,za,"NATALIJA PEČOVNIK, natalija.pecovnik@komunala-slb.si, 041 374 430 in GOSAK BOJAN, odlagalisce@komunala-slb.si, 051 341 622","odvisno od količine",da,"po volumnu mešanega preostanka odpadkov","z zloženkami","zbirni center",da,"Papir in papirnata embalaža: rdeč pokrov
Odpadna embalaža embalaža: moder pokrov
Steklena  embalaža: rumen pokrov
",-," o1:8 o2:6 o3:3 o4:2 o5:4 o6:0 o7:6 o8:6 o9:6 o10:6 o11:2 o12:3 o13:8 o14:1 o15:2 o16:1 o17:5 o18:5 o19:2 o20:1 o21:3 o22:3 o23:1 o24:8 o25:6 o26:5 o27:0 o28:5 o29:8 o30:0 o31:2 o32:6 o33:5 o34:5 o35:5 o36:8 o37:8 o38:8 o39:5 o40:6 o41:2 o42:3 o43:1 o44:1 o45:2 o46:1 o47:3 o48:5 o49:8 o50:6 o51:6 o52:1 o53:5 o54:1 o55:2 o56:0 o57:2 o58:2 o59:6 o60:5 o61:5 o62:3 o63:1 o64:6 o65:8 o66:3 o67:8 o68:2 o69:5 o70:5 o71:6 o72:8 o73:8 o74:8 o75:3 o76:3 o77:8 o78:8 o79:5 o80:3 o81:3 o82:2 o83:2 o84:1 o85:1 o86:5 o87:1 o88:5 o89:3 o90:5 o91:6 o92:8 o93:1 o94:5 o95:5 o96:3 o97:2 o98:2 o99:2 o100:2 o101:2 o102:5 o103:2 o104:8 o105:8 o106:2 o107:2 o108:8 o109:3 o110:8 o111:8 o112:1 o113:1 o114:3 o115:3 o116:8 o117:0 o118:0 o119:0 o120:8 o121:8 o122:8 o123:1 o124:5 o125:5 o126:2 o127:8 o128:8 o129:8 o130:6 o131:2 o132:3 o133:5 o134:5 o135:5 o136:3 o137:5 o138:8 o139:3 o140:3 o141:6 o142:5 o143:1 o144:3 o145:5 o146:8 o147:5 o148:5 o149:6 o150:8 o151:8 o152:8 o153:6 o154:6 o155:8"
"KSP d.d. Sežana","Danijel Mihelj, danijel.mihelj@ksp-sezana.si, 05 73 11 240","Težave:
- odpadke so prostovoljci pobirali v eno vreco (mešano papir, plastika, plocevinke,...). Velika težava je oddaja takih odpadkov, ker jih je težko sortirat.
- Veliko odpadkov ni bilo pobranih v naravi, temvec pripeljanih od doma in od pravnih oseb.
- Velike kolicine odpadkov (iz prejšnje alineje) smo morali odvažati še 14 dni po koncu akcije. Vse skupaj je zelo motece za nemoteno izvajanje delovnega procesa.
- Na nekatere lokacije so odpadke vozili tudi po koncu akcije.",ne,za,"Danijel Mihelj, danijel.mihelj@ksp-sezana.si, 05 73 11 240","odvisno od količine",da,"glede na število članov gospodinjstva","z zloženkami","zbirni center",da,"","V našem komunalnem podjetju obcane ozavešcamo na naslednje nacine: z zloženkami,  v lokalnem casopisu z vsebinskimi prispevki, z objavami na spletni strani, predavanjem na delavnicah, predavanji v šolah, predavanje za obiske šol na zbirnem centru.
-Akcija zbiranja kosovnih in nevarnih odpadkov poteka vsako leto spomladi na celotnem obmocju. Glede na to, da se za izvedbo take akcije potrebuje približno 12 delovnih dni (poleg rednega dela) in jo zato izvajamo v sobotah, ne moremo razumeti kako si vi predstavljate, da bi izvedli akcijo zbiranja kosovnih odpadkov pred Ocistimo Slovenijo 2012. Logisticno je to precej obsežen projekt, saj se vsi zavedamo, da je odpadke najbolje locevati na izvoru, torej moramo imeti na terenu dovolj veliko število vozil in ljudi.
Pri izpolnjevanju 'abecednika' odpadkov smo obupali, ker sploh ni na voljo vseh možnosti, ki jih sami ponujamo uporabnikov. Zato ne vidimo logike, da bi nadaljevali. Predlagam, da to rešimo na drugacen nacin.",
"JKP JEKO-IN d.o.o.","Tamara Hribar, tamara.hribar@jeko-in.si, 04-581-04-37","Najvecje težave so bile, ker smo odvažali odpadke, ne samo iz divjih odlagališc, mnogo povzrociteljev je namrec izkoristilo to akcijo za odvoz lastnih odpadkov.
(pri naslednjem odgovoru niso označili ne da ne ne)",ne,za,tamara.hribar@jeko-in.si,"odvisno od količine","odvisno od količine","glede na število članov gospodinjstva","z lastnim glasilom, publikacijo","zbirni center",da,"moder zabojnik za papir je namenjen locenemu zbiranju papirja in papirne embalaže, zelen za zbiranje embalažnega stekla in sumeni ali sivi z rumenimi pokrovi za loceno zbiranje odpadne embalaže.","V našem komunalnem podjetju obcane ozavešcamo na naslednje nacine: z zloženkami,  v lokalnem casopisu z vsebinskimi prispevki, z objavami na spletni strani, predavanjem na delavnicah, predavanji v šolah, predavanje za obiske šol na zbirnem centru.
Pri izpolnjevanju 'abecednika' odpadkov smo obupali, ker sploh ni na voljo vseh možnosti, ki jih sami ponujamo uporabnikov. Zato ne vidimo logike, da bi nadaljevali. Predlagam, da to rešimo na drugacen nacin."," o1:8 o2:8 o3:3 o4:2 o5:2 o6:0 o7:8 o8:8 o9:8 o10:8 o11:5 o12:8 o13:8 o14:1 o15:2 o16:2 o17:5 o18:5 o19:5 o20:1 o21:3 o22:3 o23:1 o24:8 o25:8 o26:5 o27:0 o28:5 o29:8 o30:8 o31:8 o32:8 o33:2 o34:5 o35:5 o36:8 o37:8 o38:8 o39:5 o40:8 o41:2 o42:3 o43:1 o44:2 o45:2 o46:1 o47:3 o48:5 o49:8 o50:8 o51:8 o52:1 o53:5 o54:1 o55:2 o56:0 o57:2 o58:5 o59:8 o60:3 o61:3 o62:5 o63:1 o64:5 o65:8 o66:3 o67:8 o68:2 o69:5 o70:3 o71:8 o72:5 o73:5 o74:8 o75:8 o76:8 o77:8 o78:8 o79:5 o80:3 o81:3 o82:5 o83:2 o84:1 o85:5 o86:5 o87:1 o88:5 o89:5 o90:5 o91:8 o92:5 o93:5 o94:5 o95:5 o96:3 o97:2 o98:5 o99:2 o100:2 o101:2 o102:5 o103:2 o104:5 o105:8 o106:7 o107:2 o108:8 o109:3 o110:8 o111:8 o112:1 o113:1 o114:3 o115:3 o116:5 o117:0 o118:0 o119:0 o120:8 o121:8 o122:5 o123:2 o124:8 o125:8 o126:2 o127:5 o128:8 o129:8 o130:8 o131:2 o132:8 o133:5 o134:5 o135:5 o136:8 o137:5 o138:8 o139:3 o140:8 o141:8 o142:5 o143:1 o144:8 o145:8 o146:5 o147:5 o148:5 o149:8 o150:8 o151:8 o152:8 o153:8 o154:5 o155:5"
"SNAGA d.o.o. Maribor","Irena BARTOK; irena.bartok@snaga-mb.si; 02 620 58 00","Največ težav smo imeli z nekontroliranim prinašanjem odpadkov iz podstrešij in kleti povzročiteljev, čemur akcija seveda ni bila namenjena. Težave so povzročale tudi odpadne salonitne kritine, ki so se jih njihovi povzročitelji 'rešili' na najbolj enostaven in gratis način. Seveda pa je bila težava tudi v pokrivanju stroškov celotne akcije - velik delež nam je ostal nepokrit.",ne,za,"Sebastijan SORŠAK; sebastijan.sorsak@snaga-mb.si; 02 620 58 00","odvisno od količine",da,"po volumnu mešanega preostanka odpadkov","z zloženkami","zbirni center",da,"papir in papirnata embalaža - Papir - zelen zabojnik z rdečim pokrovom
steklena embalaža - Steklo - zelen zabojnik z belim pokrovom
odpadna embalaža - Odpadna embalaža - zelen zabojnik z rumenim pokrovom
biološko razgradljivi odpadki - Biološki odpadki - rjavi zabojnik
mešani komunalni odpadki - Ostali odpadki - črno siv zabojnik
","Ozaveščanje občanov poteka na več načinov, česar zgoraj nismo mogli označiti - sprejeta je namreč samo ena možnost.
In sicer ozaveščamo:
- z zloženkami
- s plakati
- z obvestili na hrbtni strani položnic
- v lokalnem časopisu z vsebinskimi prispevki
- z izobraževanjem otrok, učencev in dijakov (ozaveščevalna predavanja, ogledi zbirnih centrov, ...)
- preko svoje spletne strani in družabnih omrežij"," o1:8 o2:2 o3:3 o4:2 o5:2 o6:0 o7:6 o8:6 o9:6 o10:6 o11:2 o12:8 o13:5 o14:1 o15:2 o16:2 o17:5 o18:5 o19:2 o20:1 o21:3 o22:3 o23:1 o24:5 o25:6 o26:5 o27:0 o28:5 o29:7 o30:0 o31:2 o32:6 o33:2 o34:5 o35:5 o36:8 o37:5 o38:8 o39:5 o40:8 o41:2 o42:3 o43:1 o44:1 o45:2 o46:1 o47:3 o48:5 o49:5 o50:6 o51:6 o52:1 o53:1 o54:1 o55:2 o56:0 o57:2 o58:2 o59:6 o60:5 o61:3 o62:3 o63:1 o64:6 o65:5 o66:3 o67:7 o68:2 o69:3 o70:5 o71:6 o72:5 o73:5 o74:8 o75:3 o76:3 o77:8 o78:8 o79:5 o80:3 o81:3 o82:2 o83:2 o84:1 o85:5 o86:5 o87:1 o88:1 o89:3 o90:5 o91:6 o92:5 o93:5 o94:5 o95:3 o96:3 o97:2 o98:5 o99:2 o100:2 o101:2 o102:5 o103:2 o104:2 o105:8 o106:2 o107:2 o108:5 o109:3 o110:7 o111:7 o112:1 o113:1 o114:3 o115:3 o116:5 o117:0 o118:0 o119:0 o120:8 o121:8 o122:5 o123:2 o124:5 o125:8 o126:2 o127:5 o128:7 o129:7 o130:6 o131:2 o132:3 o133:5 o134:5 o135:5 o136:3 o137:5 o138:5 o139:3 o140:3 o141:6 o142:5 o143:1 o144:3 o145:5 o146:5 o147:3 o148:5 o149:6 o150:8 o151:8 o152:8 o153:6 o154:5 o155:5"
"JP Okolje Piran d.o.o.","Milica Maslo, vodja sektorja ravnanja z odpadki","Prostovoljci so puščali odpadke izven dogovorjenih mest, zato smo odpadke odvažali cel teden, zaradi česar smo imeli visoke stroške. Organizator naj povdari pomen upoštevanja navodil za čistilno akcijo.",da,za,"Sandra.loboda@okoljepiran.si 05 617 5 043",da,da,drugo,"v lokalnem časopisu z vsebinskimi prispevki","zbirni center",da,"papir, papirna in kartonska embalaža - zabojnik z rdečim pokrovom/rdeča vreča
mešana embalaža(plastika, tetrapak, pločevinke - zabojnik z rumenim pokrovom/ rumena vreča;drobna steklena embalaža - zabojnik z zelenim pokrovom; rjava posoda in biološko razgradljiva vrečka - kuhinjski biološko razgradljivi odpadki iz gospodinjstva.","Zaračunavanje odvoza odpadkov v naši občini je ravno kar v spreminjanju iz sedanjega zaračunavanja na površino oziroma glede na predpisan minimum v zaračunavanje po godpodinjstvu/uporabniku, na osebo.
JP Okolje ni registrirano za prevzemanje gradbenih odpadkov.Gospodinjstva jih morajo predati pooblaščenemu zbiralcu v Kopru in plačati.Odlagališča za nenevarne odpadke nimamo, je v zapiranju, nanj ne odlagamo več.
V abecedniku ločevanja smo namesto drugo pri gradbenih odpadkih označili Zbitni Center. Tudi za druge odpadke za katere vprašalnik ne ponuje dodatne možnosti smo označili rubriko Zbirni center. Vprašalnik ne omogoča rubrike 'drugo'. Odslužena vozila sploh ne zbiramo, saj nismo registrirani zbiralec.Meso in mesne izdelke tudi ne zbiramo. V biološko razgradljivih odpadkih so lahko le ostanki kuhane hrane, ki vsebujejo manjše količine mesa in mesnih izdelkov."," o1:8 o2:6 o3:3 o4:2 o5:2 o6:0 o7:6 o8:6 o9:6 o10:6 o11:2 o12:7 o13:7 o14:1 o15:2 o16:1 o17:5 o18:5 o19:2 o20:1 o21:7 o22:3 o23:1 o24:7 o25:6 o26:5 o27:0 o28:5 o29:7 o30:0 o31:2 o32:6 o33:5 o34:5 o35:5 o36:8 o37:5 o38:8 o39:5 o40:6 o41:2 o42:3 o43:1 o44:1 o45:2 o46:1 o47:3 o48:5 o49:8 o50:6 o51:6 o52:1 o53:1 o54:1 o55:2 o56:0 o57:2 o58:1 o59:6 o60:5 o61:3 o62:5 o63:1 o64:6 o65:7 o66:7 o67:7 o68:2 o69:5 o70:5 o71:6 o72:7 o73:7 o74:7 o75:7 o76:7 o77:7 o78:8 o79:7 o80:3 o81:3 o82:1 o83:5 o84:1 o85:5 o86:5 o87:1 o88:5 o89:5 o90:5 o91:6 o92:5 o93:5 o94:5 o95:5 o96:7 o97:2 o98:7 o99:2 o100:2 o101:2 o102:5 o103:2 o104:5 o105:8 o106:2 o107:2 o108:7 o109:3 o110:8 o111:7 o112:1 o113:1 o114:7 o115:3 o116:5 o117:0 o118:0 o119:0 o120:7 o121:8 o122:7 o123:1 o124:7 o125:5 o126:2 o127:5 o128:7 o129:7 o130:6 o131:2 o132:7 o133:5 o134:5 o135:5 o136:7 o137:5 o138:7 o139:3 o140:7 o141:8 o142:5 o143:1 o144:7 o145:8 o146:8 o147:5 o148:5 o149:6 o150:7 o151:7 o152:8 o153:6 o154:6 o155:4"
"JP Komunala Laško d.o.o.","Andrej Ilijevec","Odpadki niso bili ločeni po dogovorjenih frakcijah. Na ZC je ostalo ca 1200m3 nesortiranih odpadkov, večina odpadkov ni bila zbrana na divjih odlagališčih ampak v individualnih objektih.",ne,za,"v našem podjetju ni imenovana kontaktna oseba, akcijo vodijo na občinskem nivoju","odvisno od količine",da,"glede na število članov gospodinjstva","v lokalnem časopisu z vsebinskimi prispevki",ne,da,"papirna in kartonska embalaža - zelen zabojnik - rdeč pokrov
steklena embalaža - zelen zabojnik - bel pokrov
plastična embalaža - zelen zabojnik - rumen pokrov (v mesecu aprilu se preimenuje v zabojnik za mešano embalažo, barva ostane enaka)",/," o1:8 o2:6 o3:3 o4:2 o5:2 o6:0 o7:6 o8:6 o9:6 o10:6 o11:2 o12:3 o13:8 o14:1 o15:2 o16:1 o17:5 o18:5 o19:2 o20:1 o21:3 o22:3 o23:1 o24:8 o25:6 o26:5 o27:0 o28:5 o29:6 o30:0 o31:2 o32:6 o33:2 o34:5 o35:5 o36:8 o37:7 o38:8 o39:5 o40:8 o41:2 o42:3 o43:1 o44:1 o45:2 o46:1 o47:3 o48:5 o49:8 o50:6 o51:6 o52:1 o53:1 o54:1 o55:2 o56:0 o57:2 o58:1 o59:5 o60:5 o61:3 o62:3 o63:1 o64:6 o65:7 o66:3 o67:6 o68:2 o69:5 o70:5 o71:6 o72:7 o73:7 o74:7 o75:3 o76:3 o77:7 o78:8 o79:5 o80:3 o81:3 o82:1 o83:2 o84:1 o85:5 o86:5 o87:1 o88:1 o89:5 o90:5 o91:6 o92:5 o93:1 o94:5 o95:5 o96:3 o97:2 o98:2 o99:2 o100:2 o101:2 o102:5 o103:2 o104:5 o105:8 o106:2 o107:2 o108:7 o109:3 o110:6 o111:6 o112:1 o113:1 o114:3 o115:3 o116:5 o117:0 o118:0 o119:0 o120:5 o121:2 o122:7 o123:1 o124:5 o125:7 o126:2 o127:5 o128:6 o129:6 o130:6 o131:2 o132:3 o133:5 o134:5 o135:5 o136:3 o137:5 o138:7 o139:3 o140:3 o141:6 o142:5 o143:1 o144:3 o145:5 o146:6 o147:3 o148:5 o149:6 o150:6 o151:6 o152:5 o153:6 o154:5 o155:5"
"Komunala Trebnje d.o.o.","Marko, razvoj@komunala-trebnje.si, 07/34 81 822",-,-,-,-,ne,da,"enotna cena za vsako gospodinjstvo","v lokalnem časopisu z vsebinskimi prispevki",ne,da,"Papir in papirnata embalaža - zelen zabojnik z modrim pokrovom
steklena embalaža - zelen zabojnik
mešana embalaža - zelen zabojnik z rumenim pokrovom
biološki - rjavi zabojnik
","Komunala Trebnje d.o.o. ni zbiralec gradbenih odpadkov niti odpadnih vozil."," o1:8 o2:6 o3:3 o4:2 o5:2 o6:0 o7:6 o8:6 o9:6 o10:6 o11:2 o12:3 o13:8 o14:1 o15:5 o16:1 o17:5 o18:5 o19:2 o20:1 o21:3 o22:3 o23:1 o24:8 o25:6 o26:8 o27:0 o28:5 o29:8 o30:0 o31:2 o32:6 o33:5 o34:8 o35:8 o36:8 o37:8 o38:8 o39:5 o40:6 o41:2 o42:3 o43:1 o44:1 o45:2 o46:1 o47:3 o48:8 o49:8 o50:6 o51:6 o52:1 o53:8 o54:1 o55:2 o56:0 o57:2 o58:1 o59:6 o60:5 o61:5 o62:5 o63:1 o64:8 o65:8 o66:3 o67:8 o68:2 o69:5 o70:5 o71:6 o72:8 o73:8 o74:8 o75:8 o76:8 o77:8 o78:8 o79:8 o80:3 o81:3 o82:1 o83:2 o84:1 o85:1 o86:5 o87:1 o88:3 o89:5 o90:5 o91:6 o92:8 o93:8 o94:8 o95:5 o96:3 o97:2 o98:2 o99:2 o100:2 o101:2 o102:5 o103:2 o104:3 o105:8 o106:8 o107:8 o108:4 o109:3 o110:8 o111:8 o112:1 o113:1 o114:3 o115:3 o116:5 o117:0 o118:0 o119:0 o120:8 o121:8 o122:8 o123:1 o124:8 o125:5 o126:2 o127:8 o128:8 o129:8 o130:6 o131:2 o132:3 o133:5 o134:5 o135:5 o136:8 o137:5 o138:8 o139:3 o140:3 o141:6 o142:5 o143:1 o144:3 o145:5 o146:6 o147:5 o148:5 o149:6 o150:6 o151:8 o152:8 o153:8 o154:8 o155:4"
"Javno komunalno podjetje Prodnik d.o.o.","Gregor Novak, greegor.novak@gmail.com, 040823464",-,-,-,-,da,da,"po volumnu mešanega preostanka odpadkov","z lastnim glasilom, publikacijo","zbirni center",ne,"V gospodinjstvu:
embalažo - rumen zabojnik
biološke odpadke - rjav zabojnik
ostale gospodinjske odpadke - črn zabojnik

Na ekološkem otoku:
papir - moder zabojnik
steklo - zeleno-bel zabojnik",-," o1:8 o2:6 o3:3 o4:2 o5:2 o6:0 o7:6 o8:6 o9:6 o10:6 o11:2 o12:3 o13:8 o14:1 o15:5 o16:1 o17:5 o18:8 o19:2 o20:1 o21:3 o22:3 o23:1 o24:8 o25:6 o26:8 o27:0 o28:5 o29:8 o30:0 o31:2 o32:6 o33:2 o34:5 o35:5 o36:8 o37:5 o38:8 o39:5 o40:8 o41:2 o42:3 o43:1 o44:1 o45:2 o46:1 o47:3 o48:5 o49:8 o50:6 o51:6 o52:1 o53:1 o54:1 o55:2 o56:0 o57:2 o58:1 o59:6 o60:3 o61:3 o62:5 o63:1 o64:8 o65:8 o66:3 o67:8 o68:2 o69:5 o70:3 o71:6 o72:8 o73:8 o74:8 o75:3 o76:3 o77:7 o78:8 o79:5 o80:3 o81:3 o82:1 o83:5 o84:1 o85:5 o86:5 o87:1 o88:3 o89:3 o90:5 o91:6 o92:5 o93:1 o94:5 o95:5 o96:3 o97:2 o98:2 o99:2 o100:2 o101:6 o102:5 o103:2 o104:5 o105:8 o106:4 o107:2 o108:7 o109:3 o110:8 o111:8 o112:1 o113:1 o114:3 o115:3 o116:5 o117:0 o118:0 o119:0 o120:0 o121:2 o122:8 o123:1 o124:5 o125:5 o126:2 o127:5 o128:8 o129:8 o130:6 o131:2 o132:3 o133:5 o134:5 o135:5 o136:3 o137:5 o138:8 o139:3 o140:3 o141:6 o142:5 o143:1 o144:3 o145:6 o146:6 o147:5 o148:5 o149:6 o150:8 o151:8 o152:8 o153:8 o154:6 o155:5"
"Komunala Brežice d.o.o.",	"info@komunala-brezice.si",	"http://www.komunala-brezice.si/",,,,,,,,,,"Embalaža – rumen zabojnik, papir – moder zabojnik, steklo – zelen zabojnik, biorazgradljivi odpadki – zabojnik za biorazgradljive odpadke, ostali odpadki",," o1:8 o2:6 o3:3 o4:2 o5:2 o6:0 o7:6 o8:6 o9:6 o10:6 o11:2 o12:3 o13:8 o14:1 o15:2 o16:1 o17:5 o18:5 o19:2 o20:1 o21:3 o22:3 o23:1 o24:5 o25:6 o26:5 o27:0 o28:2 o29:8 o30:8 o31:8 o32:8 o33:2 o34:5 o35:5 o36:8 o37:8 o38:8 o39:5 o40:8 o41:2 o42:3 o43:1 o44:1 o45:2 o46:1 o47:3 o48:8 o49:8 o50:8 o51:8 o52:1 o53:1 o54:1 o55:2 o56:0 o57:2 o58:1 o59:8 o60:5 o61:5 o62:5 o63:1 o64:8 o65:8 o66:3 o67:8 o68:2 o69:5 o70:5 o71:8 o72:8 o73:8 o74:8 o75:3 o76:3 o77:8 o78:8 o79:5 o80:3 o81:3 o82:1 o83:2 o84:1 o85:5 o86:5 o87:1 o88:1 o89:3 o90:5 o91:6 o92:5 o93:5 o94:6 o95:5 o96:3 o97:2 o98:2 o99:2 o100:2 o101:2 o102:5 o103:2 o104:3 o105:8 o106:2 o107:2 o108:2 o109:3 o110:6 o111:6 o112:1 o113:1 o114:3 o115:3 o116:8 o117:0 o118:0 o119:0 o120:0 o121:8 o122:8 o123:2 o124:8 o125:5 o126:2 o127:8 o128:6 o129:6 o130:6 o131:2 o132:3 o133:5 o134:5 o135:5 o136:3 o137:5 o138:5 o139:3 o140:3 o141:6 o142:5 o143:1 o144:3 o145:6 o146:6 o147:5 o148:5 o149:6 o150:6 o151:6 o152:8 o153:6 o154:6 o155:8"
"Režijski obrat Občine Gorenja vas-Poljane",info@obcina-gvp.si,http://www.obcina-gvp.si/?lang=&option=content&content_id=82,,,,,,,,,,"Embalaža – zabojnik z napisom embalaža, papir – zabojnik z napisom papir, steklo – zabojnik z napisom steklo, ostanek komunalnih odpadkov – zelen zabojnik ali vrečka, biološki odpadki – kompostiranje doma, nevarni odpadki, kosovni odpadki", , o1:8 o2:8 o3:3 o4:2 o5:2 o6:0 o7:8 o8:8 o9:6 o10:6 o11:2 o12:3 o13:5 o14:1 o15:2 o16:1 o17:5 o18:2 o19:2 o20:1 o21:3 o22:3 o23:1 o24:8 o25:8 o26:2 o27:0 o28:2 o29:8 o30:0 o31:5 o32:6 o33:2 o34:5 o35:5 o36:8 o37:5 o38:8 o39:5 o40:6 o41:2 o42:3 o43:1 o44:1 o45:2 o46:1 o47:3 o48:8 o49:8 o50:6 o51:8 o52:1 o53:1 o54:1 o55:2 o56:0 o57:2 o58:1 o59:5 o60:5 o61:5 o62:5 o63:1 o64:8 o65:8 o66:3 o67:8 o68:2 o69:5 o70:5 o71:6 o72:8 o73:8 o74:8 o75:3 o76:3 o77:8 o78:8 o79:5 o80:3 o81:3 o82:1 o83:2 o84:1 o85:5 o86:5 o87:1 o88:1 o89:3 o90:5 o91:6 o92:5 o93:5 o94:5 o95:5 o96:3 o97:2 o98:2 o99:2 o100:2 o101:2 o102:5 o103:2 o104:3 o105:8 o106:4 o107:2 o108:5 o109:3 o110:8 o111:8 o112:1 o113:1 o114:3 o115:3 o116:5 o117:0 o118:0 o119:0 o120:0 o121:5 o122:8 o123:6 o124:8 o125:5 o126:2 o127:8 o128:8 o129:8 o130:8 o131:5 o132:3 o133:5 o134:5 o135:5 o136:3 o137:5 o138:8 o139:3 o140:3 o141:6 o142:5 o143:1 o144:3 o145:5 o146:6 o147:5 o148:5 o149:8 o150:8 o151:8 o152:8 o153:8 o154:8 o155:5
"Komunala Kranjska gora, d.o.o.",info@komunala-kg.si,http://www.komunala-kg.si/,,,,,,,,,,"Papir - zabojnik modre barve Steklo- zabojnik zelene barve Pločevinke ( kovina)- zaboj črne barve Plastika (PET)- rumene barve, Biološki odpadki- rjava barva, eko vreča- plastika pobiranje na domu ", , o1:8 o2:6 o3:3 o4:2 o5:2 o6:0 o7:6 o8:6 o9:6 o10:6 o11:2 o12:8 o13:8 o14:1 o15:5 o16:5 o17:5 o18:8 o19:2 o20:2 o21:3 o22:3 o23:1 o24:8 o25:6 o26:8 o27:0 o28:5 o29:8 o30:0 o31:1 o32:6 o33:2 o34:5 o35:6 o36:8 o37:5 o38:7 o39:5 o40:6 o41:2 o42:3 o43:1 o44:2 o45:2 o46:1 o47:3 o48:5 o49:5 o50:6 o51:6 o52:1 o53:1 o54:1 o55:2 o56:0 o57:2 o58:1 o59:6 o60:5 o61:5 o62:5 o63:1 o64:6 o65:8 o66:3 o67:8 o68:2 o69:5 o70:3 o71:6 o72:8 o73:8 o74:8 o75:3 o76:3 o77:8 o78:8 o79:8 o80:3 o81:3 o82:0 o83:5 o84:1 o85:2 o86:5 o87:1 o88:3 o89:5 o90:5 o91:6 o92:8 o93:0 o94:5 o95:5 o96:3 o97:2 o98:2 o99:2 o100:2 o101:2 o102:5 o103:2 o104:2 o105:8 o106:4 o107:2 o108:8 o109:3 o110:8 o111:8 o112:0 o113:1 o114:3 o115:3 o116:6 o117:0 o118:0 o119:0 o120:8 o121:8 o122:8 o123:1 o124:5 o125:8 o126:2 o127:5 o128:8 o129:8 o130:6 o131:2 o132:3 o133:5 o134:5 o135:5 o136:8 o137:5 o138:8 o139:3 o140:3 o141:6 o142:5 o143:1 o144:3 o145:5 o146:6 o147:5 o148:5 o149:6 o150:6 o151:6 o152:8 o153:6 o154:6 o155:8 
Režijski obrat Občine Bohinj,komunala@obcina.bohinj.si,http://obcina.bohinj.si/index.php?id=73&no_cache=1,,,,,,,,,,"Embalaža- rumen zabojnik, papir- moder zabojnik Steklo- zelen zabojnik", , o1:8 o2:6 o3:3 o4:2 o5:2 o6:0 o7:6 o8:6 o9:6 o10:6 o11:2 o12:8 o13:8 o14:1 o15:5 o16:5 o17:5 o18:8 o19:2 o20:2 o21:3 o22:3 o23:1 o24:8 o25:6 o26:8 o27:0 o28:5 o29:8 o30:0 o31:1 o32:6 o33:2 o34:5 o35:6 o36:8 o37:8 o38:7 o39:5 o40:6 o41:2 o42:3 o43:1 o44:1 o45:1 o46:1 o47:3 o48:5 o49:5 o50:6 o51:6 o52:1 o53:1 o54:1 o55:2 o56:0 o57:2 o58:2 o59:6 o60:5 o61:5 o62:5 o63:1 o64:6 o65:8 o66:3 o67:8 o68:2 o69:5 o70:3 o71:6 o72:8 o73:8 o74:5 o75:3 o76:3 o77:8 o78:8 o79:8 o80:3 o81:3 o82:0 o83:2 o84:1 o85:2 o86:5 o87:1 o88:3 o89:3 o90:5 o91:6 o92:8 o93:0 o94:5 o95:5 o96:3 o97:2 o98:2 o99:2 o100:2 o101:2 o102:5 o103:2 o104:2 o105:8 o106:4 o107:2 o108:8 o109:3 o110:8 o111:8 o112:1 o113:1 o114:3 o115:3 o116:6 o117:0 o118:0 o119:0 o120:8 o121:5 o122:8 o123:1 o124:5 o125:8 o126:2 o127:5 o128:8 o129:8 o130:6 o131:2 o132:3 o133:5 o134:5 o135:5 o136:3 o137:5 o138:8 o139:3 o140:3 o141:8 o142:5 o143:1 o144:3 o145:6 o146:6 o147:5 o148:5 o149:6 o150:6 o151:8 o152:8 o153:6 o154:6 o155:8  
EKO-PARK d.o.o. Lendava,info@eko-park.si,http://eko-park.si/,,,,,,,,,,"Embalaža- rumen pokrov  zabojnika, papir- moder pokrov zabojnika Steklo- zelen pokrov zabojnika Belo steklo- bel pokrov zabojnika", , o1:8 o2:6 o3:3 o4:2 o5:2 o6:0 o7:6 o8:6 o9:6 o10:6 o11:2 o12:8 o13:8 o14:1 o15:5 o16:5 o17:5 o18:8 o19:2 o20:1 o21:3 o22:3 o23:1 o24:8 o25:6 o26:8 o27:0 o28:5 o29:8 o30:0 o31:2 o32:6 o33:2 o34:5 o35:6 o36:8 o37:8 o38:7 o39:5 o40:6 o41:2 o42:3 o43:1 o44:1 o45:2 o46:1 o47:3 o48:5 o49:5 o50:6 o51:6 o52:1 o53:1 o54:1 o55:2 o56:0 o57:2 o58:1 o59:5 o60:5 o61:5 o62:5 o63:1 o64:5 o65:8 o66:3 o67:8 o68:2 o69:3 o70:3 o71:6 o72:8 o73:8 o74:5 o75:3 o76:3 o77:5 o78:8 o79:8 o80:3 o81:3 o82:1 o83:2 o84:1 o85:2 o86:5 o87:1 o88:3 o89:3 o90:3 o91:6 o92:8 o93:1 o94:5 o95:5 o96:3 o97:2 o98:2 o99:2 o100:2 o101:2 o102:5 o103:2 o104:2 o105:8 o106:4 o107:2 o108:8 o109:3 o110:8 o111:8 o112:1 o113:1 o114:3 o115:3 o116:6 o117:0 o118:0 o119:0 o120:8 o121:2 o122:8 o123:1 o124:5 o125:8 o126:2 o127:5 o128:8 o129:8 o130:6 o131:2 o132:3 o133:5 o134:5 o135:5 o136:3 o137:5 o138:8 o139:3 o140:3 o141:8 o142:5 o143:1 o144:3 o145:6 o146:6 o147:5 o148:2 o149:6 o150:6 o151:8 o152:8 o153:6 o154:6 o155:8 
Komunala Vitanje,komunalavitanje@gmail.com,http://www.vitanje.si/index.php/komunale-vitanje.html,,,,,,,,,,,,
Saubermacher Slovenija d.o.o.,,http://www.saubermacher.si/sl/home/,,,,,,,,,,"Embalaža- rumen zabojnik, papir- rdeč zabojnik, mešani odpadki- črni zabojnik nevarni odpadki- siv zabojnik, steklo- zelen zabojnik- ", , o1:8 o2:6 o3:3 o4:2 o5:2 o6:0 o7:6 o8:6 o9:6 o10:6 o11:2 o12:3 o13:7 o14:1 o15:5 o16:1 o17:5 o18:8 o19:2 o20:1 o21:3 o22:3 o23:1 o24:8 o25:6 o26:8 o27:0 o28:5 o29:8 o30:0 o31:1 o32:6 o33:2 o34:8 o35:5 o36:8 o37:8 o38:7 o39:5 o40:8 o41:2 o42:3 o43:1 o44:1 o45:1 o46:1 o47:2 o48:1 o49:5 o50:6 o51:6 o52:1 o53:1 o54:1 o55:2 o56:0 o57:1 o58:2 o59:6 o60:5 o61:5 o62:5 o63:0 o64:6 o65:7 o66:3 o67:8 o68:2 o69:5 o70:3 o71:6 o72:8 o73:8 o74:0 o75:3 o76:3 o77:8 o78:8 o79:5 o80:3 o81:3 o82:1 o83:2 o84:1 o85:2 o86:1 o87:1 o88:1 o89:5 o90:5 o91:6 o92:8 o93:0 o94:6 o95:5 o96:5 o97:2 o98:2 o99:2 o100:2 o101:2 o102:5 o103:2 o104:5 o105:5 o106:7 o107:2 o108:7 o109:3 o110:8 o111:8 o112:1 o113:1 o114:3 o115:3 o116:5 o117:0 o118:0 o119:6 o120:0 o121:7 o122:8 o123:1 o124:5 o125:8 o126:2 o127:6 o128:8 o129:8 o130:6 o131:5 o132:3 o133:5 o134:5 o135:3 o136:3 o137:5 o138:7 o139:3 o140:3 o141:6 o142:5 o143:1 o144:3 o145:6 o146:6 o147:3 o148:2 o149:8 o150:8 o151:8 o152:8 o153:6 o154:6 o155:5 
Komunala Novo mesto d.o.o.,,www.komunala-nm.si,,,,,,,,,,"Papir- moder zabojnik, embalaža- rumen zabojnik, steklo- zelen zabojnik", , o1:8 o2:2 o3:3 o4:2 o5:2 o6:6 o7:8 o8:6 o9:6 o10:6 o11:6 o12:3 o13:2 o14:1 o15:2 o16:1 o17:5 o18:5 o19:2 o20:1 o21:3 o22:3 o23:1 o24:5 o25:8 o26:5 o27:0 o28:2 o29:8 o30:0 o31:2 o32:8 o33:2 o34:8 o35:5 o36:8 o37:8 o38:8 o39:5 o40:8 o41:2 o42:3 o43:1 o44:1 o45:1 o46:1 o47:2 o48:1 o49:5 o50:6 o51:6 o52:1 o53:1 o54:1 o55:4 o56:0 o57:2 o58:1 o59:6 o60:5 o61:5 o62:3 o63:1 o64:6 o65:7 o66:3 o67:8 o68:2 o69:5 o70:5 o71:8 o72:8 o73:8 o74:0 o75:3 o76:3 o77:8 o78:8 o79:5 o80:3 o81:3 o82:1 o83:2 o84:1 o85:1 o86:5 o87:1 o88:1 o89:5 o90:5 o91:6 o92:8 o93:7 o94:5 o95:5 o96:5 o97:2 o98:2 o99:2 o100:2 o101:2 o102:5 o103:2 o104:5 o105:8 o106:4 o107:2 o108:7 o109:3 o110:8 o111:8 o112:1 o113:1 o114:3 o115:3 o116:5 o117:0 o118:0 o119:0 o120:7 o121:5 o122:8 o123:8 o124:8 o125:8 o126:2 o127:6 o128:8 o129:8 o130:6 o131:2 o132:3 o133:5 o134:5 o135:5 o136:3 o137:5 o138:8 o139:3 o140:3 o141:6 o142:5 o143:1 o144:3 o145:5 o146:5 o147:5 o148:5 o149:6 o150:6 o151:8 o152:8 o153:8 o154:5 o155:4 
PUP Saubermacher Velenje d.d.,,http://www.pup-saubermacher.si/,,,,,,,,,,"papir- rdeč zabojnik, steklo-zelen zabojnik, kovine- moder zabojnik, embalaža- rumen zabojnik, ", , o1:8 o2:6 o3:3 o4:2 o5:2 o6:0 o7:6 o8:6 o9:6 o10:6 o11:2 o12:3 o13:7 o14:1 o15:2 o16:1 o17:3 o18:5 o19:2 o20:1 o21:3 o22:3 o23:1 o24:8 o25:6 o26:2 o27:0 o28:2 o29:6 o30:0 o31:2 o32:6 o33:2 o34:5 o35:5 o36:8 o37:7 o38:8 o39:5 o40:6 o41:2 o42:3 o43:1 o44:1 o45:2 o46:1 o47:2 o48:1 o49:5 o50:6 o51:6 o52:1 o53:1 o54:1 o55:2 o56:0 o57:2 o58:1 o59:6 o60:5 o61:5 o62:5 o63:1 o64:6 o65:7 o66:3 o67:6 o68:2 o69:5 o70:5 o71:6 o72:7 o73:7 o74:0 o75:3 o76:3 o77:5 o78:8 o79:5 o80:3 o81:3 o82:1 o83:5 o84:1 o85:5 o86:5 o87:3 o88:3 o89:3 o90:3 o91:6 o92:5 o93:1 o94:5 o95:5 o96:5 o97:2 o98:2 o99:2 o100:2 o101:2 o102:5 o103:2 o104:2 o105:8 o106:4 o107:2 o108:8 o109:3 o110:6 o111:6 o112:1 o113:1 o114:3 o115:3 o116:6 o117:0 o118:0 o119:0 o120:0 o121:5 o122:8 o123:1 o124:5 o125:5 o126:2 o127:5 o128:6 o129:6 o130:6 o131:2 o132:5 o133:5 o134:5 o135:2 o136:3 o137:5 o138:5 o139:3 o140:3 o141:6 o142:5 o143:1 o144:3 o145:7 o146:7 o147:5 o148:2 o149:6 o150:6 o151:6 o152:8 o153:6 o154:6 o155:4 
Saubermacher&Komunala,,http://www.saubermacher-komunala.si/,,,,,,,,,,"Bio- rjav, papir- rdeč, steklo- zeleno, plastika- rumena, kovine- modra, ostalo- črna", , o1:8 o2:6 o3:3 o4:2 o5:2 o6:6 o7:6 o8:6 o9:6 o10:6 o11:2 o12:3 o13:7 o14:1 o15:5 o16:1 o17:5 o18:5 o19:2 o20:1 o21:3 o22:3 o23:1 o24:8 o25:6 o26:5 o27:0 o28:5 o29:8 o30:0 o31:2 o32:6 o33:2 o34:5 o35:5 o36:8 o37:8 o38:7 o39:5 o40:6 o41:2 o42:3 o43:1 o44:1 o45:1 o46:1 o47:2 o48:1 o49:5 o50:6 o51:6 o52:1 o53:1 o54:1 o55:2 o56:0 o57:2 o58:1 o59:6 o60:5 o61:3 o62:5 o63:1 o64:6 o65:7 o66:3 o67:8 o68:2 o69:5 o70:3 o71:6 o72:8 o73:8 o74:0 o75:3 o76:3 o77:8 o78:8 o79:5 o80:3 o81:3 o82:1 o83:2 o84:1 o85:2 o86:1 o87:1 o88:1 o89:5 o90:5 o91:6 o92:8 o93:8 o94:6 o95:5 o96:5 o97:2 o98:2 o99:2 o100:2 o101:6 o102:5 o103:2 o104:5 o105:5 o106:2 o107:2 o108:4 o109:3 o110:8 o111:8 o112:1 o113:1 o114:3 o115:3 o116:5 o117:0 o118:0 o119:0 o120:0 o121:2 o122:8 o123:2 o124:5 o125:5 o126:2 o127:5 o128:8 o129:8 o130:6 o131:2 o132:3 o133:5 o134:5 o135:5 o136:3 o137:5 o138:8 o139:3 o140:3 o141:6 o142:2 o143:1 o144:3 o145:6 o146:6 o147:5 o148:5 o149:6 o150:8 o151:8 o152:8 o153:6 o154:6 o155:4 
JKP Radlje ob Dravi d.o.o.,,,,,,,,,,,,,, o1:8 o2:6 o3:3 o4:4 o5:4 o6:0 o7:6 o8:6 o9:6 o10:6 o11:6 o12:3 o13:2 o14:1 o15:2 o16:1 o17:5 o18:5 o19:2 o20:1 o21:3 o22:3 o23:1 o24:5 o25:6 o26:5 o27:0 o28:5 o29:6 o30:0 o31:2 o32:6 o33:5 o34:5 o35:6 o36:8 o37:2 o38:8 o39:5 o40:6 o41:2 o42:3 o43:1 o44:1 o45:2 o46:1 o47:3 o48:5 o49:5 o50:6 o51:6 o52:1 o53:1 o54:1 o55:2 o56:0 o57:2 o58:1 o59:6 o60:3 o61:3 o62:5 o63:1 o64:6 o65:7 o66:3 o67:7 o68:2 o69:5 o70:5 o71:6 o72:5 o73:8 o74:8 o75:3 o76:3 o77:5 o78:8 o79:5 o80:3 o81:3 o82:5 o83:5 o84:1 o85:5 o86:5 o87:1 o88:1 o89:5 o90:5 o91:6 o92:5 o93:1 o94:6 o95:5 o96:3 o97:2 o98:2 o99:2 o100:2 o101:2 o102:5 o103:2 o104:8 o105:8 o106:8 o107:2 o108:7 o109:3 o110:8 o111:8 o112:1 o113:1 o114:3 o115:3 o116:5 o117:0 o118:0 o119:0 o120:0 o121:8 o122:8 o123:6 o124:8 o125:8 o126:2 o127:5 o128:8 o129:8 o130:6 o131:5 o132:3 o133:5 o134:5 o135:5 o136:3 o137:5 o138:8 o139:3 o140:3 o141:6 o142:5 o143:0 o144:3 o145:6 o146:8 o147:5 o148:5 o149:6 o150:6 o151:6 o152:8 o153:6 o154:6 o155:4 
Komunala Tolmin d.o.o.,,,,,,,,,,,,"Embalaža: rumeni zabojniki<br>
Papir in karton: modri zabojniki<br>
Organski odpadki: rjavi zabojniki<br>
Mešani komunalni odpadki: zeleni zabojniki ali kovinski<br>
Steklo: beli zabojniki<br>
Tekstil: bež zabojniki<br>
Sveče: rdeč zabojnik<br>
Odpadna električna in elektronska oprema: zeleno-siv zabojnik",, o1:8 o2:6 o3:3 o4:2 o5:2 o6:0 o7:6 o8:6 o9:6 o10:6 o11:2 o12:3 o13:7 o14:1 o15:2 o16:1 o17:5 o18:5 o19:2 o20:1 o21:3 o22:3 o23:1 o24:5 o25:6 o26:5 o27:0 o28:5 o29:7 o30:0 o31:2 o32:6 o33:2 o34:5 o35:5 o36:8 o37:5 o38:8 o39:5 o40:6 o41:2 o42:3 o43:1 o44:1 o45:2 o46:1 o47:3 o48:5 o49:5 o50:6 o51:6 o52:1 o53:1 o54:1 o55:2 o56:0 o57:2 o58:1 o59:6 o60:5 o61:3 o62:5 o63:1 o64:6 o65:7 o66:3 o67:7 o68:2 o69:5 o70:3 o71:6 o72:5 o73:8 o74:8 o75:3 o76:3 o77:8 o78:0 o79:5 o80:3 o81:3 o82:1 o83:2 o84:1 o85:2 o86:5 o87:1 o88:3 o89:3 o90:5 o91:6 o92:5 o93:5 o94:5 o95:5 o96:3 o97:2 o98:2 o99:2 o100:2 o101:2 o102:5 o103:2 o104:3 o105:8 o106:2 o107:2 o108:7 o109:3 o110:7 o111:7 o112:1 o113:1 o114:3 o115:3 o116:5 o117:0 o118:0 o119:0 o120:8 o121:7 o122:5 o123:1 o124:8 o125:8 o126:2 O127:5 o128:7 o129:7 o130:6 o131:2 o132:3 o133:5 o134:5 o135:5 o136:3 o137:5 o138:8 o139:3 o140:3 o141:6 o142:5 o143:1 o144:3 o145:5 o146:6 o147:5 o148:5 o149:6 o150:6 o151:8 o152:8 o153:6 o154:6 o155:8
PUBLICUS d.o.o.,,,,,,,,,,,,,, o1:8 o2:2 o3:3 o4:2 o5:2 o6:0 o7:8 o8:6 o9:6 o10:8 o11:2 o12:3 o13:2 o14:1 o15:2 o16:1 o17:5 o18:5 o19:2 o20:1 o21:3 o22:3 o23:1 o24:7 o25:8 o26:5 o27:0 o28:5 o29:8 o30:0 o31:2 o32:6 o33:2 o34:5 o35:5 o36:8 o37:8 o38:8 o39:5 o40:8 o41:2 o42:3 o43:1 o44:1 o45:2 o46:1 o47:3 o48:5 o49:5 o50:6 o51:6 o52:1 o53:1 o54:1 o55:2 o56:0 o57:2 o58:1 o59:6 o60:5 o61:5 o62:5 o63:8 o64:6 o65:7 o66:3 o67:8 o68:2 o69:5 o70:5 o71:8 o72:8 o73:8 o74:8 o75:3 o76:3 o77:8 o78:8 o79:5 o80:3 o81:3 o82:1 o83:2 o84:1 o85:1 o86:1 o87:1 o88:3 o89:5 o90:5 o91:6 o92:5 o93:7 o94:5 o95:5 o96:3 o97:2 o98:2 o99:2 o100:2 o101:2 o102:5 o103:2 o104:5 o105:8 o106:4 o107:2 o108:8 o109:3 o110:7 o111:8 o112:1 o113:1 o114:3 o115:3 o116:5 o117:0 o118:0 o119:0 o120:8 o121:2 o122:8 o123:1 o124:5 o125:8 o126:2 o127:6 o128:7 o129:7 o130:6 o131:2 o132:3 o133:5 o134:5 o135:5 o136:3 o137:5 o138:8 o139:3 o140:3 o141:6 o142:2 o143:1 o144:3 o145:5 o146:6 o147:5 o148:5 o149:8 o150:8 o151:8 o152:8 o153:8 o154:6 o155:4
